Owner,total_capacity,plant_count,avg_environment,avg_environment_log,country_count,country_names,Latitude_plant,Longitude_plant,Nominal crude steel capacity (ttpa),Subnational unit (province/state),Country/Area,distance_km
POSCO Holdings Inc,40700,2,3492829.6574380747,15.063,1,['South Korea'],34.920086,127.74865,22999,South Jeolla,South Korea,182.79
Nippon Steel Corp,36745,8,11847803624.220758,23.008125,1,['Japan'],35.360912,139.881953,10001,Chiba,Japan,8.717
Angang Steel Co Ltd,30250,3,17992253793.146187,22.999,1,['China'],41.148267,122.983054,20650,Liaoning,China,4.405
JSW Steel Ltd,28359,4,479004731.0376538,19.91875,1,['India'],15.180423,76.663134,11899,Karnataka,India,5.328
Cleveland-Cliffs Inc,27727,10,54845.7167400889,10.912,2,"['Canada', 'United States']",41.669553,-87.438429,6800,Indiana,United States,17488.321
Hyundai Steel Co,24297,3,95621023.6916001,16.576,1,['South Korea'],36.986282,126.69735,16200,South Chungcheong,South Korea,440.372
JFE Steel Corp,20469,4,18928062727.501682,23.50675,1,['Japan'],34.465222,133.431205,13002,Hiroshima,Japan,6.325
Steel Authority of India Ltd,20132,6,3328876070.6932907,21.692833333333336,1,['India'],21.185157,81.394207,6999,Chhattisgarh,India,3.497
Baoshan Iron & Steel Co Ltd,19800,1,72345769161.90762,25.005,1,['China'],31.41623,121.440087,19800,Shanghai,China,5.748
Tata Steel Ltd,19720,3,1892168346.6997492,17.76066666666667,2,"['India', 'Singapore']",22.788598,86.1996,11000,Jharkhand,India,1.04
Nucor Corp,17737,11,54845.716740088894,10.912,1,['United States'],33.004319,-79.880955,2956,South Carolina,United States,16525.824
Zhangjiagang Hongchang Steel Co Ltd,16947,1,5778523153.580064,22.477,1,['China'],31.983146,120.638992,16947,Jiangsu,China,3.609
Wuhan Iron and Steel Co Ltd,15907,1,13274108766.720098,23.309,1,['China'],30.616222,114.444975,15907,Hubei,China,1.871
Inner Mongolia BaoTou Steel Union Co Ltd,15610,1,563557793.4713724,20.15,1,['China'],40.647997,109.740898,15610,Inner Mongolia,China,4.952
Maanshan Iron & Steel Co Ltd,15480,1,14161932205.740225,23.374,1,['China'],31.698884,118.468194,15480,Anhui,China,1.653
Hunan Valin Lianyuan Iron and Steel Co Ltd,15200,2,4608518568.66061,22.2425,1,['China'],27.747782,111.967343,7950,Hunan,China,5.061
Magnitogorskiy Metallurgicheskiy Kombinat PJSC,14500,1,53608.378286734944,10.889,1,['Russia'],53.427593,59.054122,14500,Chelyabinsk,Russia,2739.612
Novolipetsk Steel PJSC,14400,1,69838.97000546272,11.154,1,['Russia'],52.557372,39.629574,14400,Lipetsk,Russia,4332.654
Mobarakeh Steel Co,14100,4,466453.1293396036,12.71125,1,['Iran'],32.244,51.4263,10000,Isfahan,Iran,2120.698
Shougang Jingtang United Iron & Steel Co Ltd,13700,1,102371633.8710309,18.444,1,['China'],38.953664,118.50339,13700,Hebei,China,4.313
Steel Dynamics Inc,12562,6,54845.716740088894,10.912,1,['United States'],33.44758,-88.572683,3400,Mississippi,United States,17495.141
Baosteel Zhanjiang Iron & Steel Co Ltd,12528,1,1178377706.3453572,20.887,1,['China'],21.056035,110.48657,12528,Guangdong,China,3.58
Shanxi Taigang Stainless Steel Co Ltd,12460,1,24668432523.352684,23.929,1,['China'],37.931488,112.539321,12460,Shanxi,China,3.798
Bengang Steel Plates Co Ltd,12400,1,10302505895.931911,23.056,1,['China'],41.274132,123.722099,12400,Liaoning,China,3.016
Severstal PJSC,12001,1,39476.332703073494,10.583,1,['Russia'],59.143998,37.86295,12001,Vologda,Russia,5231.892
United States Steel Corp,12000,3,54845.716740088894,10.912,1,['United States'],41.620799,-87.348266,7800,Indiana,United States,17477.393
Hoa Phat Dung Quat Steel JSC,11600,1,41976974.40122482,17.553,1,['Vietnam'],15.37768,108.793321,11600,Quang Ngai,Vietnam,344.582
Rizhao Steel Holding Group Co Ltd,11300,1,784949051.4879102,20.481,1,['China'],35.16535,119.366672,11300,Shandong,China,5.928
Zhangjiagang Rongsheng Steel-Making Co Ltd,10571,1,5778523153.580064,22.477,1,['China'],31.985496,120.644565,10571,Jiangsu,China,4.177
Government of North Korea,10252,4,139712307.99322653,15.399000000000001,1,['North Korea'],41.753784,129.752681,6000,North Hamgyeong,North Korea,96.067
Hebei Donghai SPECIAL Steel Group Co Ltd,10001,1,1222250055.6719754,20.924,1,['China'],39.610605,118.474722,10001,Hebei,China,2.767
Xinyu Iron & Steel Corp Ltd,10001,1,7022275672.93845,22.672,1,['China'],27.786859,114.921595,10001,Jiangxi,China,4.134
Nanjing Iron & Steel Co Ltd,10000,1,11508667093.45597,23.166,1,['China'],32.200797,118.746315,10000,Jiangsu,China,4.343
China Steel Corp,10000,1,6424764739.207487,22.583,1,['Taiwan'],22.555442,120.349252,10000,Kaohsiung,Taiwan,316.305
Hebei Yanshan Iron and Steel Group Co Ltd,9990,1,4245679723.9297485,22.169,1,['China'],39.925508,118.672757,9990,Hebei,China,6.197
Guangxi Shenglong Metallurgical Co Ltd,9783,1,954514098.9683073,20.677,1,['China'],21.687637,108.412344,9783,Guangxi,China,4.84
Jindal Steel & Power Ltd,9600,2,361597254.85873556,19.700499999999998,1,['India'],20.884896,84.991539,6000,Odisha,India,3.88
ArcelorMittal Nippon Steel India Ltd,9600,1,3529225319.3115263,21.984,1,['India'],21.112377,72.647304,9600,Gujarat,India,2.904
Liuzhou IRON&STEEL Co Ltd,9458,1,21236255107.045433,23.779,1,['China'],24.385304,109.37963,9458,Guangxi,China,1.361
Evraz ZSMK JSC,8760,1,4757.440346019543,8.468,1,['Russia'],53.88618,87.257618,8760,Kemerovskaya,Russia,852.659
SGIS Songshan Co Ltd,8698,1,2904267538.2436757,21.789,1,['China'],24.708232,113.635898,8698,Guangdong,China,1.213
Shandong IRON&STEEL Group Rizhao Co Ltd,8500,1,784949051.4879102,20.481,1,['China'],35.188969,119.383723,8500,Shandong,China,2.811
Guangxi Iron and Steel Group Co Ltd,8400,1,226557645.65927386,19.239,1,['China'],21.580723,108.400896,8400,Guangxi,China,8.306
Chongqing Iron & Steel Co Ltd,8400,1,3087923383.6047015,21.851,1,['China'],29.790253,107.040368,8400,Chongqing,China,0.232
ArcelorMittal Brasil SA,8200,6,64633.832128563045,11.077,1,['Brazil'],-3.585917,-38.858932,3000,Ceará,Brazil,12317.045
Chengde Street Ltd,8000,1,896245650.7992102,20.614,1,['China'],40.947707,117.719747,8000,Hebei,China,2.017
Acciaierie d'italia SpA,7800,1,54845.716740088894,10.912,1,['Italy'],40.508993,17.207589,7800,Province of Taranto,Italy,6089.452
Hebei Zongheng Group Fengnan Iron & Steel Co Ltd,7700,1,452880777.8970651,19.931,1,['China'],39.222566,118.094201,7700,Hebei,China,3.992
Shanghai Meishan Iron & Steel Co Ltd,7600,1,3051454698.510215,21.839,1,['China'],31.902969,118.61667,7600,Jiangsu,China,3.782
ArcelorMittal Tubarão Comercial SA,7500,1,64633.832128563045,11.077,1,['Brazil'],-20.253447,-40.242298,7500,Espírito Santo,Brazil,13071.268
Cangzhou China Railway Equipment Manufacturing Materials Co Ltd,7500,1,477468708.0493724,19.984,1,['China'],38.289221,117.814367,7500,Hebei,China,2.551
Formosa Ha Tinh Steel Corp,7500,1,200633874.6120598,19.117,1,['Vietnam'],18.036333,106.428271,7500,Ha Tinh,Vietnam,260.638
HBIS Laoting Steel Co Ltd,7450,1,658638310.9064554,20.306,1,['China'],39.257823,119.033567,7450,Hebei,China,4.95
Rashtriya Ispat Nigam Ltd,7302,1,4255549611.1018696,22.171,1,['India'],17.612846,83.191918,7302,Andhra Pradesh,India,2.314
Baosteel Group Xinjiang Bayi Iron & Steel Co Ltd,7300,1,931469524.817334,20.652,1,['China'],43.852147,87.304639,7300,Xinjiang,China,3.813
Hebei Anfeng Iron & Steel Co Ltd,7100,1,301142693.52749974,19.523,1,['China'],39.65849,118.894804,7100,Hebei,China,5.32
Dexin Steel Pte Ltd,7000,1,41976974.40122482,17.553,1,['Indonesia'],-2.829514,122.174896,7000,Central Sulawesi,Indonesia,2752.509
Sansteel Minguang Co Ltd Fujian,6799,1,3154692864.404899,21.872,1,['China'],26.261109,117.614709,6799,Fujian,China,3.963
ArcelorMittal Atlantique et Lorraine SAS,6750,1,293.8831668379416,5.687,1,['France'],51.041274,2.292948,6750,Haus-de-France,France,8156.736
Lianfeng Steel (Zhangjiagang) Co Ltd,6720,1,3289812339.6058364,21.914,1,['China'],31.855205,120.730505,6720,Jiangsu,China,3.581
Tianjin Iron and Steel Group Co Ltd,6650,1,7120436820.791538,22.686,1,['China'],39.031083,117.499246,6650,Tianjin,China,4.8
ArcelorMittal México SA de CV,6500,1,64633.832128563045,11.077,1,['Mexico'],17.930688,-102.201498,6500,Michoacán,Mexico,18982.06
Jingye Iron and Steel Co Ltd,6400,1,310050323.594974,19.552,1,['China'],38.391372,114.139998,6400,Hebei,China,2.862
Beijing Shougang Co Ltd,6300,1,1205952791.2560177,20.911,1,['China'],39.976702,118.558788,6300,Hebei,China,3.279
Companhia Siderúrgica Nacional SA,6251,1,64633.832128563045,11.077,1,['Brazil'],-22.512631,-44.11287,6251,Rio de Janeiro,Brazil,13573.027
Tosyali Ironsteel Industry Algerie SpA,6200,1,54845.716740088894,10.912,1,['Algeria'],35.770912,-0.263031,6200,Oran,Algeria,7774.428
Fujian Sanbao Steel Co Ltd,6196,1,1437201755.3926136,21.086,1,['China'],24.635769,117.603677,6196,Fujian,China,2.715
Gerdau Ameristeel Corp,6193,7,54845.716740088894,10.912,2,"['Canada', 'United States']",32.457544,-97.034246,1500,Texas,United States,18426.711
Dragon Steel Corp,6081,1,143851074.280014,18.784,1,['Taiwan'],24.226897,120.493911,6081,Taichung,Taiwan,160.32
Guangxi Guixin Steel Group Co Ltd,6050,1,90031801.82740928,18.316,1,['China'],23.978962,111.735523,6050,Guangxi,China,3.934
Big River Steel LLC,6022,1,54845.716740088894,10.912,1,['United States'],35.644264,-89.941659,6022,Arkansas,United States,17670.122
ArcelorMittal SA,6000,4,27569.79995346342,8.2995,4,"['Belgium', 'Luxembourg', 'Morocco', 'United States']",51.169929,3.804462,2500,Vlaanderen,Belgium,7998.378
Toscelik Profil ve Sac Endustrisi AS,6000,2,603655.6002061085,13.311,1,['Türkiye'],36.687943,36.214871,4000,Hatay,Türkiye,3916.959
Saudi Iron and Steel Co,6000,1,54845.716740088894,10.912,1,['Saudi Arabia'],27.018411,49.576356,6000,Eastern Province,Saudi Arabia,2110.006
Qazaqstan Steel Group LLP,6000,1,53608.378286734944,10.889,1,['Kazakhstan'],50.031766,72.994863,6000,Karaganda,Kazakhstan,1144.093
Lingyuan Iron & Steel Co Ltd,5994,1,1351875952.0510519,21.025,1,['China'],41.271048,119.41374,5994,Liaoning,China,5.285
Anyang Iron & Steel Co Ltd,5950,1,17037663839.757977,23.559,1,['China'],36.122129,114.283145,5950,Henan,China,1.028
Jiangyin Xingcheng SPECIAL Steel Works Co Ltd,5900,1,4429745806.121701,22.212,1,['China'],31.950191,120.328449,5900,Jiangsu,China,5.291
Panzhihua Steel Group Panzhihua Steel Vanadium Co Ltd,5900,1,9319315191.657978,22.955,1,['China'],26.565265,101.673737,5900,Sichuan,China,4.843
Zenith Steel Group (Nantong) Co Ltd,5850,1,1230988127.1191046,20.931,1,['China'],32.133954,121.513173,5850,Jiangsu,China,12.534
Iskenderun Demir ve Celik AŞ,5800,1,603655.6002061085,13.311,1,['Türkiye'],36.735672,36.204581,5800,Hatay,Türkiye,3920.175
Chelyabinskiy Metallurgicheskiy Kombinat PJSC,5799,1,53608.378286734944,10.889,1,['Russia'],55.27073,61.436492,5799,Chelyabinsk,Russia,2738.428
Qian'an City Jiujiang Wire Co Ltd,5729,1,1205952791.2560177,20.911,1,['China'],39.952209,118.559444,5729,Hebei,China,2.17
Tangshan Ganglu Iron & Steel Co Ltd,5614,1,392661136.5966965,19.788,1,['China'],40.183913,118.073913,5614,Hebei,China,5.055
Hebei Puyang Iron and Steel Co Ltd,5567,1,313791587.31473416,19.564,1,['China'],36.733675,113.925995,5567,Hebei,China,5.034
Tata Steel BSL Ltd,5510,1,523384374.02003706,20.076,1,['India'],20.796053,85.260382,5510,Odisha,India,3.522
Rizhao Steel Yingkou Medium Plate Co Ltd,5500,1,1444886964.8755352,21.091,1,['China'],40.671136,122.395441,5500,Liaoning,China,5.916
Promsort LLC,5500,3,64428.772765886795,11.065666666666667,1,['Russia'],54.156726,37.725551,2000,Tula,Russia,4663.053
Tangshan Donghai Iron and Steel Group Co Ltd,5499,1,770999040.1643324,20.463,1,['China'],39.748373,118.624794,5499,Hebei,China,5.796
Alchevsk Metallurgical Plant PJSC,5472,1,293.8831668379416,5.687,1,['Ukraine'],48.478111,38.770787,5472,Luhansk,Ukraine,4132.75
ArcelorMittal España SA,5400,2,54845.716740088894,10.912,1,['Spain'],43.554741,-5.87259,4200,Asturias,Spain,8664.609
Zhongxin Iron and Steel Group Co Ltd,5400,1,2852869883.3872247,21.772,1,['China'],34.368618,118.31556,5400,Jiangsu,China,2.796
Shandong Iron & Steel Group Yongfeng Lingang Corp,5400,1,238915176.01580334,19.292,1,['China'],35.137061,119.068319,5400,Shandong,China,3.391
Ternium Brasil Ltda,5200,1,64633.832128563045,11.077,1,['Brazil'],-22.912549,-43.741614,5200,Rio de Janeiro,Brazil,13553.868
Commercial Metals Co,5076,7,54845.716740088894,10.912,1,['United States'],29.577459,-98.032017,943,Texas,United States,18519.451
Wuyang Iron and Steel Co Ltd,5040,1,642394331.888709,20.281,1,['China'],33.287536,113.474328,5040,Henan,China,1.864
Laiwu Steel Yinshan Section Co Ltd,5001,1,1723461254.4344203,21.268,1,['China'],36.106143,117.820108,5001,Shandong,China,4.096
Içdaş Çelik Enerji Tersane Ve Ulaşim Sanayi AŞ,5001,1,603655.6002061085,13.311,1,['Türkiye'],40.441491,27.137563,5001,Çanakkale,Türkiye,5048.826
ArcelorMittal Poland SA,5001,1,293.8831668379416,5.687,1,['Poland'],50.342417,19.285037,5001,Silesia,Poland,6294.999
Hebei Jinxi Iron & Steel Group Co Ltd,5000,1,251849587.08247745,19.344,1,['China'],40.209844,118.220547,5000,Hebei,China,1.377
Usinas Siderurgicas de Minas Gerais SA,5000,1,64633.832128563045,11.077,1,['Brazil'],-19.491277,-42.544253,5000,Minas Gerais,Brazil,13274.6
Tangshan Songting IRON&STEEL Co Ltd,5000,1,1205952791.2560177,20.911,1,['China'],39.938866,118.576678,5000,Hebei,China,4.815
Hebei Xinda Iron and Steel Co Ltd,5000,1,796505445.106471,20.496,1,['China'],39.898362,118.579364,5000,Hebei,China,5.394
Khouzestan Steel Co,4950,2,54845.716740088894,10.912,1,['Iran'],31.270091,48.732904,3600,Khouzestan,Iran,2358.925
Tianjin Iron PLANT Co Ltd,4870,1,1279452525.6709294,20.97,1,['China'],36.58967,113.745792,4870,Hebei,China,6.434
Guangxi Chiji Iron and Steel Co Ltd,4800,1,105313275.99139243,18.472,1,['China'],23.402121,111.134606,4800,Guangxi,China,3.459
Shanxi Jinnan Iron and Steel Group Co Ltd,4800,1,162446633.34105244,18.906,1,['China'],35.678541,111.51465,4800,Shanxi,China,5.072
Tokyo Steel Manufacturing Co Ltd,4786,4,18429753186.74529,23.4255,1,['Japan'],34.702012,137.249114,2600,Aichi,Japan,4.814
Kardemir Karabuk Demir Çelik Sanayi Ve Ticaret AŞ,4751,2,603655.6002061085,13.311,1,['Türkiye'],41.180307,32.634343,3501,Karabük,Türkiye,4526.515
Shanxi Jianlong Industrial Co Ltd,4750,1,384406160.84900844,19.767,1,['China'],35.417405,111.303919,4750,Shanxi,China,5.756
Gansu Jiu Steel Group Hongxing Iron and Steel Co Ltd,4734,1,7871975322.062651,22.787,1,['China'],39.812121,98.295555,4734,Gansu,China,2.995
JiuJiang PXSteel Co Ltd,4700,1,478146017.5263399,19.985,1,['China'],29.778431,116.27527,4700,Jiangxi,China,2.493
Shiheng SPECIAL Steel Group Co Ltd,4650,1,1341653440.6361408,21.017,1,['China'],36.229201,116.533981,4650,Shandong,China,3.004
Jincheng FUSHENG Iron & Steel Co Ltd,4600,1,981005265.3164757,20.704,1,['China'],35.662985,112.882395,4600,Shanxi,China,5.268
Tonghua Iron & Steel Co Ltd,4590,1,601217158.3271072,20.214,1,['China'],41.779125,126.022349,4590,Jilin,China,2.851
Kobe Steel Ltd,4536,1,25378988214.594116,23.957,1,['Japan'],34.720268,134.826275,4536,Hyogo,Japan,5.66
US Steel Košice sro,4500,1,293.8831668379416,5.687,1,['Slovakia'],48.612001,21.191401,4500,Košice Region,Slovakia,6013.265
DeAcero SAPI de CV,4500,2,59739.77443432597,10.9945,1,['Mexico'],20.518556,-100.925556,2300,Guanajuato,Mexico,18831.597
Tangshan RUIFENG Steel and Iron (GROUP) Co Ltd,4500,1,438464931.03294915,19.899,1,['China'],39.497472,118.272056,4500,Hebei,China,6.052
Habas Industrial and Medical Gases Production Industries AŞ,4500,1,603655.6002061085,13.311,1,['Türkiye'],38.751462,26.950172,4500,İzmir,Türkiye,4987.274
Tianjin Tiangang UNITED SPECIAL Steel Co Ltd,4500,1,10311114379.091043,23.056,1,['China'],39.300258,117.800231,4500,Tianjin,China,1.561
Çolakoğlu Metalürji AŞ,4500,1,603655.6002061085,13.311,1,['Türkiye'],40.768409,29.529979,4500,Kocaeli,Türkiye,4818.847
Hanshan Iron and Steel Co Ltd,4488,1,296202759.7826058,19.507,1,['China'],36.685881,113.837073,4488,Hebei,China,5.248
Chengde Jianlong SPECIAL Steel Co Ltd,4400,1,277866579.7444777,19.443,1,['China'],40.515035,117.596071,4400,Hebei,China,5.058
Evraz NTMK JSC,4400,1,53608.378286734944,10.889,1,['Russia'],57.922851,60.033543,4400,Sverdlovsk,Russia,3224.528
Gerdau Acominas SA,4360,1,64633.832128563045,11.077,1,['Brazil'],-20.543507,-43.75295,4360,Minas Gerais,Brazil,13445.94
Ternium México SA de CV,4330,3,58108.42186958028,10.967,1,['Mexico'],25.720327,-100.301175,2400,Nuevo León,Mexico,18759.758
Acciaieria Arvedi SpA,4300,1,603655.6002061085,13.311,1,['Italy'],45.145949,9.950821,4300,Province of Cremona,Italy,7090.989
Baowu Group Echeng Iron & Steel Co Ltd,4276,1,14250230836.869875,23.38,1,['China'],30.39574,114.861313,4276,Hubei,China,3.08
Tangshan Heavy Plate Co Ltd,4200,1,658638310.9064554,20.306,1,['China'],39.268452,119.024819,4200,Hebei,China,3.829
Jianlong Xilin Iron and Steel Co Ltd,4200,1,10642384.938641924,16.18,1,['China'],47.495036,129.287919,4200,Heilongjiang,China,6.059
Chengyu Vanadium & Titanium Technology Co Ltd,4050,1,69319122.10205877,18.054,1,['China'],29.732143,104.504339,4050,Sichuan,China,5.156
PT Krakatau Steel (Persero) Tbk,4000,1,33214.740917487085,10.411,1,['Indonesia'],-6.007021,106.001766,4000,Banten,Indonesia,1971.696
Voestalpine Stahl GmbH,4000,1,293.8831668379416,5.687,1,['Austria'],48.274023,14.33434,4000,Upper Austria,Austria,6744.784
Jiugang Group Yuzhong Iron & Steel Co Ltd,4000,1,167993672.70306432,18.939,1,['China'],36.033646,104.035535,4000,Gansu,China,1.298
Ningbo Iron & Steel Co Ltd,3999,1,7787131930.195617,22.776,1,['China'],29.918776,121.876423,3999,Zhejiang,China,5.623
Hebei Taihang Iron and Steel Group Co Ltd,3950,1,383769388.9911753,19.766,1,['China'],36.613716,114.082349,3950,Hebei,China,4.792
Pangang Group Xichang Steel and Vanadium Co Ltd,3900,1,146825967.31663737,18.805,1,['China'],27.74799,102.20517,3900,Sichuan,China,5.0
Al Ezz Flat Steel Company SAE,3900,1,54845.716740088894,10.912,1,['Egypt'],29.692045,32.322117,3900,Suez,Egypt,4060.241
Shandong Iron and Steel Co Ltd,3850,1,1723461254.4344203,21.268,1,['China'],36.087717,117.827927,3850,Shandong,China,6.533
Eregli Demir ve Celik Fabrikalari AŞ,3801,1,603655.6002061085,13.311,1,['Türkiye'],41.261469,31.420106,3801,Zonguldak,Türkiye,4654.468
Anhui Changjiang Steel Co Ltd,3800,1,2369022303.7466125,21.586,1,['China'],31.502272,118.465162,3800,Anhui,China,5.2
Shaanxi LONG MEN IRON&STEEL Co Ltd,3800,1,1050556946.8883605,20.773,1,['China'],35.618466,110.575788,3800,Shaanxi,China,3.902
Zenith Steel Group Co Ltd,3700,1,18149919723.49238,23.622,1,['China'],31.707656,120.079591,3700,Jiangsu,China,4.223
Algoma Steel Group Inc,3700,1,54845.716740088894,10.912,1,['Canada'],46.518984,-84.374068,3700,Ontario,Canada,17270.606
Fujian Great Dong Hai Industrial Group Co Ltd,3695,1,548350467.9412751,20.122,1,['China'],25.737777,119.592239,3695,Fujian,China,6.703
Shanxi Zhongyang Iron & Steel Co Ltd,3600,1,320338051.3482251,19.585,1,['China'],37.370796,111.161118,3600,Shanxi,China,4.064
Dongkuk Steel Mill Co Ltd,3600,2,141550687.07690954,17.294,1,['South Korea'],37.486465,126.638607,2200,Seoul National Capital Area,South Korea,438.97
Emsteel Building Materials PJSC,3600,1,54845.716740088894,10.912,1,['United Arab Emirates'],24.322033,54.467987,3600,Abu Dhabi,United Arab Emirates,1530.54
Xinji AOSEN Steel Group Co Ltd,3600,1,215529762.4241828,19.189,1,['China'],37.752351,115.184798,3600,Hebei,China,6.125
Esfahan Steel Co,3600,1,603655.6002061085,13.311,1,['Iran'],32.418304,51.331314,3600,Isfahan,Iran,2137.939
"Xinyang Iron & Steel Co.,ltd of Angang Group",3600,1,382250327.83036226,19.762,1,['China'],32.488704,114.038243,3600,Henan,China,4.026
Shougang Changzhi IRON& Steel Co Ltd,3600,1,2449438562.2978115,21.619,1,['China'],36.356404,113.060809,3600,Shanxi,China,3.339
Shougang Shuicheng Iron & Steel (Group) Co Ltd,3501,1,2917021785.146939,21.794,1,['China'],26.595229,104.877413,3501,Guizhou,China,3.716
Ternium Argentina SA,3501,1,64633.832128563045,11.077,1,['Argentina'],-33.37365,-60.138697,3501,Buenos Aires,Argentina,15760.487
Kamet-Steel PrJSC,3500,1,293.8831668379416,5.687,1,['Ukraine'],48.528019,34.640915,3500,Dnipropetrovsk,Ukraine,4569.729
Ningxia Jianlong Special Steel Co Ltd,3500,1,698923464.9402945,20.365,1,['China'],39.215452,106.688294,3500,Ningxia,China,2.454
Alliance Steel (M) Sdn Bhd,3500,1,33214.740917487085,10.411,1,['Malaysia'],4.007595,103.344458,3500,Pahang,Malaysia,1101.832
Oskol'skiy Elektrometallurgicheskiy Kombinat Imeni Alekseya Alekseyevicha Ugarova JSC,3500,1,69838.97000546272,11.154,1,['Russia'],51.142738,37.940532,3500,Belgorod,Russia,4389.559
Qinhuangdao Hongxing Iron & Steel Co Ltd,3450,1,853581286.6142415,20.565,1,['China'],39.700721,118.871477,3450,Hebei,China,1.169
Osaka Steel Co Ltd,3450,1,254812052510.10464,26.264,1,['Japan'],34.59822,135.45439,3450,Osaka,Japan,3.649
Henan Jiyuan Iron & Steel (Group) Co Ltd,3428,1,3421395276.0751696,21.953,1,['China'],35.086396,112.553774,3428,Henan,China,5.423
Daye SPECIAL Steel Co Ltd,3420,1,5065987125.999837,22.346,1,['China'],30.204603,115.125838,3420,Hubei,China,0.489
Tangshan Donghua Iron & Steel Enterprise Group Co Ltd,3400,1,438464931.03294915,19.899,1,['China'],39.468366,118.256774,3400,Hebei,China,4.145
Guangxi BG New Materials Co Ltd,3400,1,490660026.3866026,20.011,1,['China'],21.519924,109.506427,3400,Guangxi,China,4.707
Linyi Iron and Steel Investment Group Co Ltd,3400,1,212520272.51501238,19.175,1,['China'],35.15735,119.133999,3400,Shandong,China,4.516
ArcelorMittal South Africa Ltd,3360,1,1847515865.9183831,21.337,1,['South Africa'],-26.657367,27.82231,3360,Gauteng,South Africa,6789.662
Yangzhou Hengrun Ocean Heavy Industry Co Ltd,3300,1,1835372768.9161925,21.331,1,['China'],32.249602,119.620438,3300,Jiangsu,China,5.454
JSW Vijayanagar Metallics Ltd,3300,1,334841572.46645224,19.629,1,['India'],15.203176,76.659122,3300,Karnataka,India,3.845
Rockcheck Steel Group Co Ltd,3250,1,8170303829.634859,22.824,1,['China'],38.970638,117.495794,3250,Tianjin,China,4.527
Hubei Jinshenglan Metallurgical Technology Co Ltd,3250,1,96700424.06712171,18.387,1,['China'],29.916729,113.822921,3250,Hubei,China,6.377
Baosteel Desheng Stainless Steel Co Ltd,3220,1,53661889.35483706,17.798,1,['China'],26.48747,119.654461,3220,Fujian,China,7.007
Al Ezz Dekheila Steel Company Alexandria SAE,3200,1,54845.716740088894,10.912,1,['Egypt'],31.123467,29.80987,3200,Alexandria,Egypt,4370.416
BlueScope Steel Ltd,3200,1,1853170.5258897757,14.432,1,['Australia'],-34.463834,150.886191,3200,New South Wales,Australia,7244.285
Nucor Yamato Steel Co,3174,1,54845.716740088894,10.912,1,['United States'],35.941421,-89.713819,3174,Arkansas,United States,17648.398
Nghi Son VAS Group JSC,3150,1,616052.5720105489,13.331,1,['Vietnam'],19.326924,105.777449,3150,Thanh Hoa,Vietnam,324.816
Nucor Steel Decatur LLC,3100,1,54845.716740088894,10.912,1,['United States'],34.63963,-87.085738,3100,Alabama,United States,17341.999
Izmir Demir Celik Sanayi AŞ,3100,1,603655.6002061085,13.311,1,['Türkiye'],38.739596,26.929091,3100,İzmir,Türkiye,4988.98
Guangxi Longzhou Zhongheng Wanhua Industrial Co Ltd,3075,2,14775761.727532735,16.4935,1,['China'],23.987136,111.914197,1725,Guangxi,China,5.599
Zhuhai Yueyufeng IRON&STEEL Co Ltd,3051,1,2524762539.6796427,21.649,1,['China'],21.96092,113.198718,3051,Guangdong,China,19.735
Jiangsu Xusteel Group Co Ltd,3050,1,536146471.99254227,20.1,1,['China'],34.577016,117.339638,3050,Jiangsu,China,6.191
North Star BlueScope Steel Ltd,3034,1,54845.716740088894,10.912,1,['United States'],41.568783,-84.048129,3034,Ohio,United States,17112.409
Hebei Tianzhu Iron and Steel Group Special Steel Co Ltd,3034,1,658638310.9064554,20.306,1,['China'],39.270032,119.01376,3034,Hebei,China,4.397
Jinding Heavy Industries Co Ltd,3000,1,2791499561.2492723,21.75,1,['China'],36.718952,114.111677,3000,Hebei,China,2.091
Fujian Tsingtuo Nickel Industry Co Ltd,3000,1,11794218.386546498,16.283,1,['China'],26.768925,119.765203,3000,Fujian,China,9.855
PT Krakatau Posco,3000,1,33214.740917487085,10.411,1,['Indonesia'],-5.998661,105.99866,3000,Banten,Indonesia,1970.777
DELONG Steel Ltd,3000,1,676290293.567939,20.332,1,['China'],37.086116,114.384832,3000,Hebei,China,5.537
Tianjin Pipe Corp,3000,1,7120436820.791538,22.686,1,['China'],39.034002,117.486798,3000,Tianjin,China,3.354
Shanxi Xintai Iron & Steel Co Ltd,3000,1,4334687658.950084,22.19,1,['China'],37.075017,111.985148,3000,Shanxi,China,5.527
Weifang SPECIAL Steel Group Co Ltd,3000,1,3368126297.6347632,21.938,1,['China'],36.644469,119.238427,3000,Shandong,China,4.303
Jindal Stainless Ltd,3000,2,659468987.0023955,20.256,1,['India'],20.954939,86.051986,2200,Odisha,India,1.218
KISCO Corp,3000,1,3761696.9209812265,15.14,1,['South Korea'],35.216552,128.640158,3000,South Gyeongsang,South Korea,114.637
Anhui Shoukuang Dachang Metal Material Co Ltd,3000,1,26192474.427464876,17.081,1,['China'],32.329171,115.954963,3000,Anhui,China,4.954
Shangang Group Hanzhong Iron & Steel Co Ltd,3000,1,686629951.6960833,20.347,1,['China'],33.133192,106.671859,3000,Shaanxi,China,4.204
BMZ-Upravlyayushchaya Kompaniya Kholdinga BMK JSC,3000,1,69838.97000546272,11.154,1,['Belarus'],52.849321,29.988985,3000,Gomel Region,Belarus,5324.263
"Sichuan De Sheng Group, Vanadium and Titanium Co Ltd",3000,1,181895609.9521647,19.019,1,['China'],29.39798,103.542532,3000,Chongqing,China,2.937
Egyptian Sponge Iron & Steel Company SAE,3000,1,54845.716740088894,10.912,1,['Egypt'],30.393079,30.58773,3000,Menofia,Egypt,4266.662
Lianyungang Yaxin Iron and Steel Co Ltd,3000,1,890142435.6329616,20.607,1,['China'],34.423786,119.778311,3000,Jiangsu,China,4.894
Lianyungang Xingxin Iron and Steel Co Ltd,3000,1,1557019273.7154286,21.166,1,['China'],34.38381,119.786878,3000,Jiangsu,China,1.302
Lengshuijiang Iron and Steel Co Ltd,3000,1,982323572.5654914,20.705,1,['China'],27.690401,111.437288,3000,Hunan,China,3.251
Tangshan Guotang Steel Co Ltd,3000,1,658638310.9064554,20.306,1,['China'],39.293147,119.046972,3000,Hebei,China,0.628
NMDC Steel Ltd,3000,1,67937733.07878391,18.034,1,['India'],19.0931901,82.17,3000,Chhattisgarh,India,5.679
Nanyang Hanye SPECIAL STREET Co Ltd,3000,1,313551485.3556643,19.563,1,['China'],33.269324,111.534635,3000,Henan,China,3.076
Yunnan Yuxi Xianfu Iron and Steel (Group) Co Ltd,2980,1,20949106.01836089,16.858,1,['China'],24.012309,102.186364,2980,Yunnan,China,4.334
Qingdao Special Iron and Steel Co Ltd,2950,1,431849713.01466113,19.884,1,['China'],35.6296,119.722335,2950,Shandong,China,1.681
Zaporiz'kyi Metalurhiinyi Kombinat Zaporizhstal' PJSC,2930,1,293.8831668379416,5.687,1,['Ukraine'],47.86838,35.161773,2930,Zaporizhzhia,Ukraine,4480.987
Tung Ho Steel Enterprise Corp,2900,3,2731457478.764176,20.858666666666664,1,['Taiwan'],24.568401,120.74062,1200,Miaoli,Taiwan,154.856
Shyam Metalics and Energy Ltd,2859,2,508460503.06881213,19.9145,1,['India'],21.680344,84.04179,1715,Odisha,India,3.353
Shandong Shouguang Juneng SPECIAL Steel Co Ltd,2850,1,1440684200.7685635,21.088,1,['China'],36.939125,118.785598,2850,Shandong,China,2.76
Fangda Special Steel Technology Co Ltd,2800,1,30850521591.191532,24.152,1,['China'],28.645441,115.99204,2800,Jiangxi,China,4.561
PT Gunung Raja Paksi Tbk,2800,1,33214.740917487085,10.411,1,['Indonesia'],-6.282658,107.117683,2800,West Java,Indonesia,2080.399
ShanXi TongCai Industry and Trade Co Ltd,2780,1,747390169.8949468,20.432,1,['China'],35.694321,111.429381,2780,Shanxi,China,3.752
Liyang Baorun Steel Co Ltd,2760,1,5294448729.56292,22.39,1,['China'],31.471123,119.485941,2760,Jiangsu,China,3.497
Rungta Mines Ltd,2725,5,307628533.1210734,19.309,1,['India'],22.13237,85.417031,1350,Odisha,India,4.682
Jiangsu Shagang Group Huaigang SPECIAL Steel Co Ltd,2714,1,4165354036.0691886,22.15,1,['China'],33.566039,118.988442,2714,Jiangsu,China,4.673
Shanxi Gaoyi Steel Co Ltd,2700,1,2190467911.060826,21.507,1,['China'],35.586841,111.258436,2700,Shanxi,China,6.402
Tongling City Xuanli Special Steel Co Ltd,2700,1,322755495.5135918,19.592,1,['China'],31.062807,117.956015,2700,Anhui,China,2.759
Jinan Iron & Steel Group Co Ltd,2700,1,2791499561.2492723,21.75,1,['China'],36.718952,114.111677,2700,Hebei,China,2.091
Arvand Jahanara Steel Co,2700,1,54845.716740088894,10.912,1,['Iran'],30.510886,48.241356,2700,Khouzestan,Iran,2373.049
Chifeng Zhongtang Special Steel Co Ltd,2700,1,14520160.651008502,16.491,1,['China'],41.834064,119.281883,2700,Inner Mongolia,China,6.214
Eastern Steel Sdn Bhd,2700,1,33214.740917487085,10.411,1,['Malaysia'],4.285062,103.432551,2700,Terengganu,Malaysia,1102.68
Anhui Guihang Special Steel Co Ltd,2700,1,189683194.67400867,19.061,1,['China'],30.531068,117.251147,2700,Anhui,China,4.714
Lloyds Metals and Energy Ltd,2700,2,124927907.9499686,16.6645,1,['India'],19.929837,79.119344,1350,Maharashtra,India,3.433
Hebei Xinjin Iron and Steel Co Ltd,2700,1,6917400988.421546,22.657,1,['China'],36.715632,114.208992,2700,Hebei,China,1.016
Fushun New Steel Corp Ltd,2700,1,8540543698.927486,22.868,1,['China'],41.841223,123.753895,2700,Liaoning,China,6.57
Fulun Iron & Steel Co Ltd,2700,1,792299266.5563575,20.49,1,['China'],36.308447,117.540425,2700,Shandong,China,2.322
Jilin Jianlong Steel Co Ltd,2700,1,133726064.71790448,18.711,1,['China'],44.011951,126.537086,2700,Jilin,China,4.629
Dongbei Special Steel Group Dalian Special Steel Co Ltd,2695,1,278283618.2820494,19.444,1,['China'],39.193697,122.057788,2695,Liaoning,China,2.764
Fujian Luoyuan Minguang Iron & Steel Co Ltd,2650,1,53661889.35483706,17.798,1,['China'],26.483815,119.67105,2650,Fujian,China,5.222
Anyuan Iron & Steel Co Ltd,2650,1,7940031421.185044,22.795,1,['China'],27.64555,113.902126,2650,Jiangxi,China,3.973
Kyoei Steel Ltd,2645,3,33170209963.181366,23.445000000000004,1,['Japan'],35.065055,136.815384,1265,Aichi,Japan,4.134
Arab Steel Co,2600,1,54845.716740088894,10.912,1,['Saudi Arabia'],26.277917,49.949177,2600,Eastern Province,Saudi Arabia,2053.947
Benxi Beiying Iron & Steel (GROUP) Co Ltd,2600,1,423489077.5911907,19.864,1,['China'],41.224814,123.608374,2600,Liaoning,China,3.062
Shagang Group Anyang Yongxing Iron & Steel Co Ltd,2600,1,3691623504.775808,22.029,1,['China'],36.143573,114.149964,2600,Henan,China,3.778
Yunnan Qujing Iron and Steel Group Chenggang Iron and Steel Co Ltd,2600,1,240153183.6302977,19.297,1,['China'],25.45543,103.547242,2600,Yunnan,China,0.716
Qatar Steel Company QPSC,2574,1,54845.716740088894,10.912,1,['Qatar'],24.952688,51.584777,2574,Mesaieed,Qatar,1855.21
Jianlong Beiman SPECIAL Steel Co Ltd,2570,1,3437488269.916678,21.958,1,['China'],47.191285,123.616512,2570,Heilongjiang,China,2.949
ArcelorMittal Méditerranée SAS,2550,1,54845.716740088894,10.912,1,['France'],43.43283,4.887166,2550,Provence-Alpes-Côte d'Azur,France,7527.005
Hoa Phat Hai Duong Steel JSC,2525,1,616052.5720105489,13.331,1,['Vietnam'],21.01536,106.536023,2525,Hai Duong,Vietnam,111.635
Shanxi Tongde Xinghua Special Steel Co Ltd,2500,1,353310074.948443,19.683,1,['China'],40.183517,113.305462,2500,Shanxi,China,3.929
Badische Stahlwerke GmbH,2500,1,293.8831668379416,5.687,1,['Germany'],48.595058,7.821633,2500,Baden-Württemberg,Germany,7465.953
Hebei Xinxing Ductile Iron Pipes Co Ltd,2500,1,1570133414.6514165,21.174,1,['China'],36.621504,114.128189,2500,Hebei,China,0.601
Compania Espanola de Laminacion SL,2500,1,54845.716740088894,10.912,1,['Spain'],41.454855,1.980107,2500,Barcelona,Spain,7735.385
MMK Metalurji Sanayi Ticaret ve Liman Isletmeciligi AŞ,2500,1,603655.6002061085,13.311,1,['Türkiye'],36.768975,36.213842,2500,Hatay,Türkiye,3920.692
Gerdau Acos Longos SA,2486,3,64633.832128563045,11.077,1,['Brazil'],-23.43864,-47.08825,950,São Paulo,Brazil,13921.734
SSAB Americas Holding AB,2450,2,54845.716740088894,10.912,1,['United States'],30.941783,-88.012437,1250,Alabama,United States,17413.023
Chifeng Yuanlian Steel Co Ltd,2450,1,1995635766.3421109,21.414,1,['China'],42.278115,119.015289,2450,Inner Mongolia,China,3.575
Tangshan Zhengfeng Steel Co Ltd,2439,1,2256673828.2882605,21.537,1,['China'],39.85271,118.181279,2439,Hebei,China,4.418
Evonith Metallics Ltd,2430,2,428413959.05805874,19.876,1,['India'],20.704605,78.620293,1350,Maharashtra,India,0.687
Yancheng Lianxin Steel Co Ltd,2410,1,47191425.791021824,17.67,1,['China'],33.211332,120.774892,2410,Jiangsu,China,7.42
Guangdong Nanfang Donghai Iron and Steel Co Ltd,2400,1,194781090.93254027,19.087,1,['China'],22.907614,112.224952,2400,Guangdong,China,4.354
Guangdong Jinshenglan Metallurgical Technology Co Ltd,2400,1,288572450.6037076,19.48,1,['China'],22.888729,112.263081,2400,Guangdong,China,3.589
Jindal Shadeed Iron & Steel LLC,2400,1,54845.716740088894,10.912,1,['Oman'],24.502551,56.600739,2400,Al Batinah North,Oman,1294.419
Yangzhou Qinyou Special Metal Materials Co Ltd,2400,1,361408387.5824465,19.706,1,['China'],32.838703,119.425236,2400,Jiangsu,China,6.059
Yangchun New Iron & Steel Co Ltd,2400,1,126961940.125218,18.659,1,['China'],22.084904,111.642187,2400,Guangdong,China,5.184
ArcelorMittal Long Products Canada GP,2400,1,54845.716740088894,10.912,1,['Canada'],45.835148,-73.254957,2400,Quebec,Canada,16033.794
Kish South Kaveh Steel Co,2400,1,54845.716740088894,10.912,1,['Iran'],27.169696,56.095207,2400,Hormuzgan,Iran,1408.369
Hebei Tangyin IRON&STEEL Co Ltd,2300,1,146526011.7107865,18.803,1,['China'],39.160401,118.429806,2300,Hebei,China,5.992
Hebei Rongxin Iron & Steel Co Ltd,2300,1,796505445.106471,20.496,1,['China'],39.880661,118.558755,2300,Hebei,China,2.072
Shanxi HONGDA Iron and Steel Group Co Ltd,2300,1,250634379.58227268,19.34,1,['China'],35.701895,110.786826,2300,Shanxi,China,1.034
Evraz North America PLC,2300,2,54845.716740088894,10.912,2,"['Canada', 'United States']",50.51499,-104.630589,1200,Saskatchewan,Canada,19611.571
Liaoyang United Steel Co Ltd,2300,1,1281795295.850902,20.972,1,['China'],41.19138,122.877311,2300,Liaoning,China,2.521
Qinhuangdao Baigong Steel Co Ltd,2260,1,1644959560.7920702,21.221,1,['China'],39.748773,118.819472,2260,Hebei,China,6.621
Jiangsu Province Binxin Steel Group Co Ltd,2250,1,3627723888.232499,22.012,1,['China'],35.09556,119.279989,2250,Jiangsu,China,4.212
JFE Bars & Shapes Corp,2220,3,10166868071.82332,23.004,1,['Japan'],34.784113,134.658493,900,Hyogo,Japan,3.866
Changshu Longteng Special Steel Co Ltd,2213,1,9736930825.62187,22.999,1,['China'],31.723833,120.835685,2213,Jiangsu,China,4.824
BMM Ispat Ltd,2208,1,326466748.184155,19.604,1,['India'],15.16972,76.37971,2208,Karnataka,India,4.485
Algerian Qatari Steel,2200,1,54845.716740088894,10.912,1,['Algeria'],36.753961,6.24442,2200,Jijel,Algeria,7096.292
Ferriere Nord SpA,2200,1,293.8831668379416,5.687,1,['Italy'],46.232199,13.079104,2200,Province of Udine,Italy,6821.869
Xiangfen County XinJinShan Special Steel Co Ltd,2200,1,517374334.2584018,20.064,1,['China'],35.934831,111.49707,2200,Shanxi,China,5.389
Yenakiieve Metallurgical Plant Branch PJSC,2200,1,293.8831668379416,5.687,1,['Ukraine'],48.220502,38.228626,2200,Donetsk,Ukraine,4175.001
Aperam Stainless Belgium NV,2200,2,293.8831668379416,5.687,1,['Belgium'],50.933973,5.511494,1200,Limburg,Belgium,7803.86
HBIS Group Serbia Iron & Steel Beograd doo,2199,1,293.8831668379416,5.687,1,['Serbia'],44.606332,20.970066,2199,Podunavlje,Serbia,5915.352
Groupe Industriel Sider SpA,2150,1,54845.716740088894,10.912,1,['Algeria'],36.795924,7.707633,2150,Annaba,Algeria,6939.473
SeAH Besteel Holdings Corp,2101,1,3761696.9209812265,15.14,1,['South Korea'],35.968596,126.609524,2101,North Jeolla,South Korea,358.272
Suez Steel Company SAE,2100,1,54845.716740088894,10.912,1,['Egypt'],29.923176,32.466587,2100,Suez,Egypt,4049.845
Liberty Steel Group,2060,2,293.8831668379416,5.687,2,"['Poland', 'United Kingdom']",53.450712,-1.323025,1220,England,United Kingdom,8655.266
Guangdong Yuebei United Steel Co Ltd,2055,1,114780320.39245096,18.559,1,['China'],24.262452,113.728198,2055,Guangdong,China,4.197
Uralskaya Stal JSC,2050,1,39476.332703073494,10.583,1,['Russia'],51.214781,58.353913,2050,Orenburg,Russia,2498.891
Heilongjiang Jianlong Iron and Steel Co Ltd,2001,1,125175844.19061546,18.645,1,['China'],46.602297,131.071877,2001,Heilongjiang,China,4.985
Alfa Acciai SpA,2000,1,603655.6002061085,13.311,1,['Italy'],45.508698,10.248464,2000,Province of Brescia,Italy,7080.589
Wuhan Shunle Stainless Steel Co Ltd,2000,1,11843724400.76606,23.195,1,['China'],30.394434,114.257701,2000,Hubei,China,4.537
Jiangsu Changqiang Iron & Steel Co Ltd,2000,1,5149260849.902505,22.362,1,['China'],31.952064,120.189749,2000,Jiangsu,China,2.226
Houying Group Haicheng Iron and Steel Co Ltd,2000,1,563518410.1278985,20.15,1,['China'],40.981855,122.948643,2000,Liaoning,China,3.632
Arcelormittal Sestao SL,2000,1,54845.716740088894,10.912,1,['Spain'],43.313144,-2.998964,2000,Vizcaya,Spain,8349.022
Tangshan Fengnan District Jing'an Iron and Steel Co Ltd,2000,1,1597397963.2435653,21.192,1,['China'],39.600956,118.358726,2000,Hebei,China,3.918
Hubei Shunle Iron and Steel Co Ltd,2000,1,96700424.06712171,18.387,1,['China'],29.925026,113.826118,2000,Hubei,China,5.746
Fuzhou Wuhang Steel Products Co Ltd,2000,1,6512786661.363352,22.597,1,['China'],25.995101,119.495725,2000,Fujian,China,6.169
Fujian Wuhang Stainless Steel Products Co Ltd,2000,1,6512786661.363352,22.597,1,['China'],25.95923,119.452018,2000,Fujian,China,0.712
Inner Mongolia Yaxinlongshun Special Steel Co Ltd,2000,1,2337622.9703656165,14.665,1,['China'],40.689778,110.214707,2000,Inner Mongolia,China,2.815
Wuhai Baogang Wanteng Iron and Steel Co Ltd,2000,1,111523145.34028804,18.53,1,['China'],39.855971,106.886647,2000,Inner Mongolia,China,3.049
Amsteel Mills Sdn Bhd,2000,2,33214.740917487085,10.411,1,['Malaysia'],2.806998,101.601053,1250,Selangor,Malaysia,972.797
Hubei Lijin Steel Group Co Ltd,2000,1,728653447.9992169,20.407,1,['China'],32.127263,112.715688,2000,Hubei,China,0.871
Wuhu Fuxin Iron & Steel Co Ltd,2000,1,203072621.1319695,19.129,1,['China'],31.194505,118.067833,2000,Anhui,China,3.424
Acindar Industria Argentina de Aceros SA,2000,1,64633.832128563045,11.077,1,['Argentina'],-33.249936,-60.300415,2000,Santa Fe,Argentina,15769.866
Guangdong Guangqing METAL Technology Co Ltd,2000,1,546325381.749661,20.119,1,['China'],21.697069,111.848841,2000,Guangdong,China,9.11
Wuhu Xinxing Ductile Iron Pipes Co Ltd,2000,1,1042494789.8844099,20.765,1,['China'],31.229893,118.150867,2000,Anhui,China,4.021
ArcelorMittal Bremen GmbH,2000,1,293.8831668379416,5.687,1,['Germany'],53.133305,8.688193,2000,Bremen,Germany,7569.069
Tangshan Wenfeng Special Steel Co Ltd,2000,1,146526011.7107865,18.803,1,['China'],39.146541,118.432261,2000,Hebei,China,4.24
Luzhou Xinyang Vanadium Titanium Steel Co Ltd,2000,1,20271489.796361625,16.825,1,['China'],28.851779,105.70509,2000,Sichuan,China,2.974
Xinxing Ductile Iron Pipes Xinjiang Co Ltd,2000,1,31013010.919899933,17.25,1,['China'],42.333321,86.302481,2000,Xinjiang,China,6.385
Guangdong Jingye Iron and Steel Co Ltd,2000,1,7797595936.055308,22.777,1,['China'],23.454666,116.498483,2000,Guangdong,China,4.492
Shijiazhuang Iron and Steel Co Ltd,2000,1,1532287958.3060682,21.15,1,['China'],38.075008,114.033043,2000,Hebei,China,4.811
BERIS Jiangsu Heavy Industry Co Ltd,2000,1,178113102.28059617,18.998,1,['China'],32.104319,119.792126,2000,Jiangsu,China,2.719
Guizhou United Steel (Group) Co Ltd,1990,1,288427354.33009654,19.48,1,['China'],27.591691,106.814024,1990,Guizhou,China,4.869
Sev.en Global Investments AS,1970,2,35066.42658615033,8.4205,2,"['Norway', 'United Kingdom']",51.479757,-3.137056,1200,Wales,United Kingdom,8763.244
Aceros Especiales Simec Tlaxcala SA de CV,1956,2,64633.832128563045,11.077,1,['Mexico'],19.395628,-98.088777,1140,Tlaxcala,Mexico,18519.029
Pavgord doo,1940,1,603655.6002061085,13.311,1,['Bosnia and Herzegovina'],44.224446,17.899815,1940,Zenica-Doboj,Bosnia and Herzegovina,6214.746
Angang Lianzhong Stainless Steel Corp,1900,1,23605391215.706425,23.885,1,['China'],23.126822,113.505817,1900,Guangdong,China,3.997
Lucheng Xingbao Iron & Steel Co Ltd,1900,1,2719454994.077153,21.724,1,['China'],36.332449,113.15509,1900,Shanxi,China,6.554
Yunnan Yuxi Iron and Steel Group Yukun Iron and Steel Co Ltd,1893,1,932314590.9645125,20.653,1,['China'],24.465884,102.543682,1893,Yunnan,China,0.95
Hebei Huaxi Special Steel Co Ltd,1824,1,658638310.9064554,20.306,1,['China'],39.260784,119.005925,1824,Hebei,China,5.963
G Steel PCL,1800,1,107232.4190322772,11.583,1,['Thailand'],12.793786,101.244592,1800,Rayong,Thailand,913.929
Anshan Baode Iron & Steel Co Ltd,1800,1,4381066890.384275,22.201,1,['China'],41.173613,122.945501,1800,Liaoning,China,5.331
BES Brandenburger Elektrostahlwerke GmbH,1800,1,293.8831668379416,5.687,1,['Germany'],52.402617,12.496135,1800,Brandenburg,Germany,7124.372
Ningxia Iron and Steel (Group) Co Ltd,1800,1,21396075.606333133,16.879,1,['China'],37.503054,105.078348,1800,Ningxia,China,6.786
Hbzx HIGH Tech Co Ltd,1800,1,11073664760.627905,23.128,1,['China'],40.607977,115.067516,1800,Hebei,China,3.81
Henan Angang Zhoukou Iron and Steel Co Ltd,1750,1,1216482444.7504897,20.919,1,['China'],33.364534,115.099661,1750,Henan,China,3.147
Acciaierie Venete SpA,1740,3,603655.6002061085,13.311,1,['Italy'],46.049182,11.440394,600,Province of Trentino-Alto Adige,Italy,6989.307
Fujian Dingsheng Steel Co Ltd,1726,1,65973740.548705816,18.005,1,['China'],27.224477,120.328828,1726,Fujian,China,4.604
Siderca SAIC,1720,1,64633.832128563045,11.077,1,['Argentina'],-34.152554,-58.977388,1720,Buenos Aires,Argentina,15688.028
Feng Hsin Steel Co Ltd,1701,1,143851074.280014,18.784,1,['Taiwan'],24.31287,120.712774,1701,Taichung,Taiwan,170.43
Licheng Taihang Iron & Steel Co Ltd,1700,1,231213739.23506635,19.259,1,['China'],36.472303,113.344155,1700,Shanxi,China,3.941
CMC Poland SP zoo,1700,1,293.8831668379416,5.687,1,['Poland'],50.487463,19.456759,1700,Silesia,Poland,6283.713
Shanxi Meijin Iron and Steel Co Ltd,1700,1,1679834580.032344,21.242,1,['China'],37.571354,112.229791,1700,Shanxi,China,4.805
Godo Steel Ltd,1700,3,176002564914.40576,25.239666666666665,1,['Japan'],35.697541,139.964104,700,Chiba,Japan,1.613
Outokumpu Stainless AB,1700,2,54657.651354268106,10.868500000000001,2,"['Finland', 'Sweden']",65.767115,24.176472,1200,Lapland,Finland,7431.733
Heyuan Derun Steel Co Ltd,1650,1,17999992.50243982,16.706,1,['China'],23.39775,114.898646,1650,Guangdong,China,3.813
Talleres y Aceros SA de CV,1650,1,64633.832128563045,11.077,1,['Mexico'],18.869272,-97.047263,1650,Veracruz,Mexico,18404.943
Jai Balaji Industries Ltd,1645,2,675745315.8269312,20.331,1,['India'],23.487439,87.369494,1350,West Bengal,India,3.585
Bangladesh Steel Re-Rolling Mills Ltd,1625,1,56441177.06437761,17.849,1,['Bangladesh'],22.870631,91.545862,1625,Chattogram,Bangladesh,20.682
Libyan Iron and Steel Co,1614,1,54845.716740088894,10.912,1,['Libya'],32.335185,15.215053,1614,Misrata,Libya,5995.297
West Alborz Steel Co,1600,1,603655.6002061085,13.311,1,['Iran'],36.119574,49.306253,1600,Zanjan,Iran,2542.016
Jianglong Acheng Iron & Steel Co Ltd,1600,1,3851213851.5239058,22.072,1,['China'],45.562002,126.968128,1600,Heilongjiang,China,3.412
North American Stainless Inc,1600,1,54845.716740088894,10.912,1,['United States'],38.725418,-85.076015,1600,Kentucky,United States,17173.942
Sanyo Special Steel Co Ltd,1596,1,12333371034.581137,23.236,1,['Japan'],34.788074,134.672046,1596,Hyogo,Japan,4.069
Jiangsu HONGTAI Metals Ware Co Ltd,1576,1,3200493895.461697,21.887,1,['China'],32.138393,119.554693,1576,Jiangsu,China,2.281
Orissa Metaliks Pvt Ltd,1558,3,2205613025.7592883,21.30633333333333,1,['India'],22.378355,87.281773,900,West Bengal,India,1.173
Abinski Elektrometallurgicheski Zavod LLC,1550,1,293.8831668379416,5.687,1,['Russia'],44.881938,38.12751,1550,Krasnodar,Russia,4039.736
Infrabuild Australia Pty Ltd,1530,2,1853170.5258897757,14.432,1,['Australia'],-37.831379,144.788169,780,Victoria,Australia,7648.459
JSW Steel USA Ohio Inc,1500,1,54845.716740088894,10.912,1,['United States'],40.314891,-80.605553,1500,Ohio,United States,16707.879
TRINECKÉ ZELEZÁRNY AS,1500,1,293.8831668379416,5.687,1,['Czech Republic'],49.689053,18.654557,1500,Moravia-Silesia,Czech Republic,6332.413
G J Steel PCL,1500,1,107232.4190322772,11.583,1,['Thailand'],13.054668,101.078842,1500,Chonburi,Thailand,894.73
Danyang Longjiang Steel Co Ltd,1500,1,5805245295.940704,22.482,1,['China'],32.027791,119.57706,1500,Jiangsu,China,4.341
Zhongpu (Handan) Iron and Steel Co Ltd,1500,1,296202759.7826058,19.507,1,['China'],36.721376,113.910271,1500,Hebei,China,4.324
PT The Master Steel MFG,1500,1,33214.740917487085,10.411,1,['Indonesia'],-6.18421,106.920067,1500,Jakarta,Indonesia,2057.046
Daido Steel Co Ltd,1500,1,27104407629.54368,24.023,1,['Japan'],35.016404,136.864744,1500,Aichi,Japan,7.973
Jilin Jingang Lron and Steel Co Ltd,1500,1,7056524178.650425,22.677,1,['China'],43.20023,124.335697,1500,Jilin,China,4.547
AM/NS Calvert LLC,1500,1,54845.716740088894,10.912,1,['United States'],31.148446,-87.990521,1500,Alabama,United States,17411.975
ESL Steel Ltd,1500,1,1365011682.389793,21.034,1,['India'],23.632907,86.293671,1500,Jharkhand,India,0.986
Zarand Iranian Steel Co,1500,1,603655.6002061085,13.311,1,['Iran'],30.749633,56.6675096,1500,Kerman,Iran,1505.52
Pasargad Steel Complex Co,1500,1,54845.716740088894,10.912,1,['Iran'],29.191019,52.845405,1500,Fars,Iran,1833.777
Jiangyin Huaxi Steel Co Ltd,1500,1,10086515908.61508,23.034,1,['China'],31.816482,120.424347,1500,Jiangsu,China,4.988
Gerdau Corsa SAPI de CV,1500,2,64633.832128563045,11.077,1,['Mexico'],19.753326,-98.596483,1000,Hidalgo,Mexico,18574.422
SteelAsia Manufacturing Corp,1500,2,67775538.30374488,16.255,1,['Philippines'],10.45078,124.006424,1000,Cebu,Philippines,1619.175
Guangxi Wuzhou Jinhai Stainless Steel Co Ltd,1500,1,607979569.3111423,20.226,1,['China'],23.518229,111.235509,1500,Guangxi,China,4.153
Butia Iranian Steel Co,1500,1,603655.6002061085,13.311,1,['Iran'],30.4912,56.8214,1500,Kerman,Iran,1479.211
Qian'an Zhayi Steel Group Co Ltd,1500,1,722897426.2393645,20.399,1,['China'],40.044026,118.552001,1500,Hebei,China,1.2
Sichuan Shengquan Iron and Steel Group Co Ltd,1500,1,1180067619.3126886,20.889,1,['China'],31.255961,104.190612,1500,Sichuan,China,5.052
Pomina Steel JSC,1500,2,36996681.54220746,17.426,1,['Vietnam'],10.577042,107.040324,1000,Ba Ria Vung Tau,Vietnam,924.556
Aichi Steel Corp,1495,1,110186877555.41345,25.425,1,['Japan'],35.044558,136.900772,1495,Chūbu,Japan,6.42
Acciai Speciali Terni SpA,1450,1,54845.716740088894,10.912,1,['Italy'],42.564752,12.66936,1450,Province of Terni,Italy,6671.813
Arcelormittal Olaberria-Bergara SL,1450,1,54845.716740088894,10.912,1,['Spain'],43.03829,-2.219625,1450,Gipuzkoa,Spain,8253.49
UMK-Stal LLC,1420,2,139191.96749311968,11.844,1,['Russia'],59.593854,60.591196,756,Sverdlovsk,Russia,3419.373
Kroman Celik Sanayii AS,1400,1,603655.6002061085,13.311,1,['Türkiye'],40.801101,29.374115,1400,Kocaeli,Türkiye,4836.719
Lvliang Jianlong Industrial Co Ltd,1400,1,1570081181.240564,21.174,1,['China'],37.47311,112.06093,1400,Shanxi,China,2.982
Guangxi Guigang Iron and Steel Group Co Ltd,1400,1,6503602261.824279,22.596,1,['China'],23.088182,109.634638,1400,Guangxi,China,4.583
ESF Elbe-Stahlwerke Feralpi GmbH,1400,1,293.8831668379416,5.687,1,['Germany'],51.3128,13.280386,1400,Saxony,Germany,6984.687
Yunnan Qujing Iron and Steel Group Co Ltd,1400,1,54580293.24053438,17.815,1,['China'],26.275342,104.168311,1400,Yunnan,China,4.895
Vyksunskiy Metallurgicheskiy Zavod AO,1400,1,69838.97000546272,11.154,1,['Russia'],55.382815,42.188954,1400,Nizhny Novgorod,Russia,4375.639
Hadeed Metal Manufacturing Co,1400,1,54845.716740088894,10.912,1,['Syria'],33.626258,36.574968,1400,Damascus,Syria,3733.534
Lech Stahlwerke GmbH,1400,1,293.8831668379416,5.687,1,['Germany'],48.512051,10.855292,1400,Bavaria,Germany,7132.103
Heping Yueshen Steel Industrial Co Ltd,1400,1,922848789.0805657,20.643,1,['China'],24.49796,114.93888,1400,Guangdong,China,5.309
Khorasan Steel Complex Co,1400,1,974778.8698073986,13.79,1,['Iran'],36.3445,58.67875,1400,Razavi Khorasan,Iran,1700.022
Kaptan Demir Celik Endustrisi Ve Ticaret AŞ,1400,1,603655.6002061085,13.311,1,['Türkiye'],41.015222,27.959978,1400,Tekirdağ,Türkiye,4994.37
Shandong Luli Steel Co Ltd,1400,1,309288577.011094,19.55,1,['China'],36.970875,118.955444,1400,Shandong,China,1.777
Yantai Walsin Stainless Steel Co Ltd,1400,1,18963550948.945488,23.666,1,['China'],37.548627,121.277488,1400,Shandong,China,1.856
Southern Steel Bhd,1400,1,33214.740917487085,10.411,1,['Malaysia'],5.399453,100.382177,1400,Penang,Malaysia,742.976
Abul Khair Steel Ltd,1400,1,14497025.329727666,16.489,1,['Bangladesh'],22.472008,91.734827,1400,Chittagong,Bangladesh,68.831
Stomana Industry AD,1400,1,603655.6002061085,13.311,1,['Bulgaria'],42.595629,23.093095,1400,Pernik,Bulgaria,5585.156
Riva Acciaio SpA,1380,2,603655.6002061085,13.311,1,['Italy'],45.598187,9.035447,780,Province of Varese,Italy,7211.703
Nippon Steel Stainless Steel Corp,1366,2,1369220846.7925227,21.037,1,['Japan'],34.059009,131.777221,866,Yamaguchi,Japan,2.831
Hebei Huaxin Special Steel Co Ltd,1350,1,1439683054.8066726,21.088,1,['China'],36.53048,114.245262,1350,Hebei,China,4.393
New Zealand Steel Ltd,1350,1,1853170.5258897757,14.432,1,['New Zealand'],-37.206878,174.728098,1350,South Auckland,New Zealand,8381.599
ArcelorMittal Dofasco GP,1350,1,54845.716740088894,10.912,1,['Canada'],43.269255,-79.804858,1350,Ontario,Canada,16682.952
Atibir Industries Co Ltd,1350,1,510655890.86209947,20.051,1,['India'],24.145239,86.334999,1350,Jharkhand,India,5.091
Antara Steel Mills Sdn Bhd,1350,1,41976974.40122482,17.553,1,['Malaysia'],5.253839,115.242717,1350,Labuan Island,Malaysia,1599.669
Xinjiang Kunyu Lron & Steel Co Ltd,1350,1,499486217.0650745,20.029,1,['China'],44.404189,84.966753,1350,Xinjiang,China,4.643
Nu-Iron Unlimited,1350,1,64633.832128563045,11.077,1,['Trinidad and Tobago'],10.399138,-61.486326,1350,Couva,Trinidad and Tobago,14519.842
Hebei New Wuan Lron and Steel Group Hong Rong Lron and Steel Co Ltd,1350,1,188809636.46592227,19.056,1,['China'],36.640411,113.981172,1350,Hebei,China,3.322
Companhia Siderurgica do Cuchi SA,1350,1,93191842.22818245,18.35,1,['Angola'],-14.650166,16.925606,1350,Cuando Cubango,Angola,7146.419
Complejo Siderurgico de Guayana CA,1350,1,64633.832128563045,11.077,1,['Venezuela'],8.297662,-62.780149,1350,Bolívar,Venezuela,14689.915
Corporacion Venezolana de Guayana,1350,1,64633.832128563045,11.077,1,['Venezuela'],8.290142,-62.805419,1350,Bolívar,Venezuela,14692.81
CVG Ferrominera Orinoco CA,1350,1,64633.832128563045,11.077,1,['Venezuela'],8.33468,-62.728842,1350,Bolívar,Venezuela,14683.742
Prakash Sponge Iron and Power Pvt Ltd,1350,1,10655640.702493113,16.182,1,['India'],14.152912,76.665824,1350,Karnataka,India,5.561
Mianeh Steel,1350,1,603655.6002061085,13.311,1,['Iran'],37.37881,47.736689,1350,East Azerbaijan,Iran,2778.908
Persian Gulf Saba Steel,1350,1,54845.716740088894,10.912,1,['Iran'],27.189076,56.105633,1350,Hormuzgan,Iran,1407.96
Nucor Steel Louisiana LLC,1350,1,54845.716740088894,10.912,1,['United States'],30.076693,-90.859953,1350,Louisiana,United States,17724.362
Tata Metaliks Ltd,1350,1,2985882028.961829,21.817,1,['India'],22.385611,87.287179,1350,West Bengal,India,1.372
Ramsarup Industries Ltd,1350,1,3789988245.8372393,22.056,1,['India'],22.977477,88.457443,1350,West Bengal,India,2.317
GuangDong Xinxing Ductile Iron Pipes Co Ltd,1350,1,126961940.125218,18.659,1,['China'],22.09914,111.665479,1350,Guangdong,China,5.474
Sovel SA,1350,1,54845.716740088894,10.912,1,['Greece'],39.169632,22.840216,1350,Thessaly,Greece,5434.834
Wuxi Xinsanzhou Special Steel Co Ltd,1350,1,11935089663.247892,23.203,1,['China'],31.681005,120.251785,1350,Jiangsu,China,5.7
Vedanta Iron and Steel Ltd,1350,1,607137556.302787,20.224,1,['India'],15.526866,73.986671,1350,Goa,India,3.588
Honghe Iron and Steel Co Ltd,1350,1,1145833787.5269697,20.859,1,['China'],23.470733,103.272784,1350,Yunnan,China,2.585
Tongling Fuxin Iron & Steel Co Ltd,1350,1,6386761084.181079,22.577,1,['China'],30.907561,117.772866,1350,Anhui,China,4.714
Jiangsu Delong Nickel Industry Co Ltd,1350,1,890142435.6329616,20.607,1,['China'],34.443469,119.816574,1350,Jiangsu,China,3.423
JiLin Province Xinda Steel Co Ltd,1350,1,15053158.02973983,16.527,1,['China'],42.3249,125.246892,1350,Jilin,China,6.592
Gohar Zamin Iron Ore Co,1350,1,54845.716740088894,10.912,1,['Iran'],29.134614,55.360773,1350,Kerman,Iran,1572.875
Ahya Steel Folad Baft Co,1350,1,54845.716740088894,10.912,1,['Iran'],29.289109,56.490707,1350,Kerman,Iran,1468.385
WISCO Group Kunming Steel Co Ltd,1350,1,401331048.2710037,19.81,1,['China'],24.953261,102.378082,1350,Yunnan,China,0.711
JSW Green Steel Ltd,1350,1,5087801.004416001,15.442,1,['India'],18.530853,72.947091,1350,Maharashtra,India,8.604
Ardakan Steel Complex Co,1350,1,603655.6002061085,13.311,1,['Iran'],32.373942,53.759655,1350,Yazd,Iran,1881.482
Shanxi HUAQIANG Iron and Steel Co Ltd,1350,1,402152281.1129497,19.812,1,['China'],35.670848,111.378887,1350,Shanxi,China,5.156
Hyron Africa,1350,1,1123434325.1185768,20.84,1,['Namibia'],-22.084183,17.4099154,1350,unknown,Namibia,7469.733
Guangxi Liugang Zhongjin Stainless Steel Co Ltd,1350,1,221366537.43015066,19.215,1,['China'],21.67261,109.741866,1350,Guangxi,China,5.679
Tata Steel (Thailand) PCL,1350,2,107232.4190322772,11.583,1,['Thailand'],13.052398,101.086795,800,Chonburi,Thailand,895.618
Iranian Ghadir Iron & Steel Co,1350,1,603655.6002061085,13.311,1,['Iran'],32.3912,53.7496,1350,Yazd,Iran,1883.342
Shanxi Zhongsheng Iron and Steel Co Ltd,1350,1,224177109.58702946,19.228,1,['China'],35.727776,111.330122,1350,Shanxi,China,5.043
Hebei PROVINCE Longfengshan Casting Industry Co Ltd,1350,1,2791499561.2492723,21.75,1,['China'],36.705105,114.105387,1350,Hebei,China,2.229
Fushun HANWANG Direct Reduced Iron Co Ltd,1350,1,26636182.46122891,17.098,1,['China'],41.670998,123.85143,1350,Liaoning,China,6.153
Fujian San'an Iron & Steel Co Ltd,1350,1,1080493062.2097301,20.801,1,['China'],25.244396,118.029905,1350,Fujian,China,4.627
Sabzevar Pars Steel Complex,1350,1,974778.8698073986,13.79,1,['Iran'],36.58952,57.571719,1350,Razavi Khorasan,Iran,1815.709
Henan Fengbao SPECIAL Steel Co Ltd,1350,1,1250100343.4634068,20.946,1,['China'],36.131666,113.872158,1350,Henan,China,0.972
Briquetera del Orinoco CA,1350,1,64633.832128563045,11.077,1,['Venezuela'],8.274965,-62.819282,1350,Bolívar,Venezuela,14694.549
Inner Mongolia Desheng Metal Products Co Ltd,1350,1,111523145.34028804,18.53,1,['China'],39.867015,106.890377,1350,Inner Mongolia,China,2.067
Shaanxi Lueyang Iron and Steel Co Ltd,1350,1,32314098.785076372,17.291,1,['China'],33.323678,106.167206,1350,Shaanxi,China,6.256
Andrade Valladares Engenharia e Construcao Ltda,1350,1,64633.832128563045,11.077,1,['Brazil'],-4.887877,-47.392157,1350,Maranhão,Brazil,13273.269
Lebedinskiy GOK JSC,1350,1,69838.97000546272,11.154,1,['Russia'],51.261995,37.654622,1350,Belgorod,Russia,4427.259
Electrosteel Castings Ltd,1350,1,142335900.08133274,18.774,1,['India'],13.717188,79.630588,1350,Andhra Pradesh,India,1.19
Wulanhot Iron & Steel Co Ltd,1350,1,3362380016.537606,21.936,1,['China'],46.055685,122.063282,1350,Inner Mongolia,China,3.293
Wugang Zhongjia Iron & Steel Co Ltd,1350,1,642394331.888709,20.281,1,['China'],33.29175,113.458011,1350,Henan,China,0.038
KIC Metaliks Ltd,1350,1,1554639245.0040002,21.165,1,['India'],23.507539,87.277914,1350,West Bengal,India,4.417
Xinjiang KingTec Steel Co Ltd,1334,1,93932.5409826021,11.45,1,['China'],42.674192,86.280156,1334,Xinjiang,China,5.327
Guizhou Ganglian Industrial Group Co Ltd,1325,1,3047624310.877063,21.838,1,['China'],27.615147,106.949926,1325,Guizhou,China,1.552
Interpipe Ltd,1320,1,293.8831668379416,5.687,1,['Ukraine'],48.498914,35.096336,1320,Dnipropetrovsk,Ukraine,4520.065
Yesilyurt Demir Celik Endustri Ve Liman Isletmeleri AŞ,1300,1,293.8831668379416,5.687,1,['Türkiye'],41.241199,36.442055,1300,Samsun,Türkiye,4148.949
Diler Demir Celik Endustri ve Ticaret AŞ,1300,1,603655.6002061085,13.311,1,['Türkiye'],40.783161,29.533568,1300,Kocaeli,Türkiye,4819.306
AG Siderurgica Balboa SA,1300,1,54845.716740088894,10.912,1,['Spain'],38.326405,-6.767326,1300,Badajoz,Spain,8557.01
Siderurgica Sevillana SA,1300,1,54845.716740088894,10.912,1,['Spain'],37.362968,-5.886865,1300,Sevilla,Spain,8432.182
Hengyang Valin Steel Tube Co Ltd,1300,1,8841440925.872505,22.903,1,['China'],26.865484,112.576853,1300,Hunan,China,4.093
Sulb Company BSCC,1265,1,54845.716740088894,10.912,1,['Bahrain'],26.198152,50.679893,1265,Muharraq,Bahrain,1972.027
Ekinciler Demir ve Celik Sanayi AŞ,1250,1,603655.6002061085,13.311,1,['Türkiye'],36.690115,36.205739,1250,Hatay,Türkiye,3918.019
MZ Balakovo JSC,1250,1,69838.97000546272,11.154,1,['Russia'],51.936009,47.81591,1250,Saratov,Russia,3491.249
Corporacion Aceros Arequipa SA,1250,1,64633.832128563045,11.077,1,['Peru'],-13.788622,-76.168173,1250,Ica,Peru,16626.337
Acciaierie di Verona SpA,1250,1,603655.6002061085,13.311,1,['Italy'],45.42882,11.000861,1250,Province of Verona,Italy,6997.947
Mass Iraq Iron and Steel Industry Co,1250,1,603655.6002061085,13.311,1,['Iraq'],35.660125,45.039062,1250,Kurdistan,Iraq,2946.66
Tubos de Acero de Mexico SA,1230,1,64633.832128563045,11.077,1,['Mexico'],19.182499,-96.237284,1230,Veracruz,Mexico,18313.712
Feralpi Siderurgica SpA,1216,1,603655.6002061085,13.311,1,['Italy'],45.460582,10.456748,1216,Province of Brescia,Italy,7056.21
Fujian Longgang New Materials Co Ltd,1210,1,81212030.76822813,18.213,1,['China'],25.357408,117.362096,1210,Fujian,China,2.6
Charter Manufacturing Co Inc,1205,2,54845.716740088894,10.912,1,['United States'],41.443147,-81.659911,635,Ohio,United States,16846.526
Solb Steel Co,1200,1,64633.832128563045,11.077,1,['Saudi Arabia'],17.298475,42.352338,1200,Jizan Region,Saudi Arabia,2974.937
Zhejiang Wantai Special Steel Co Ltd,1200,1,3208888731.268896,21.889,1,['China'],30.944342,120.971803,1200,Zhejiang,China,2.355
Egyptian Steel Group,1200,2,54845.716740088894,10.912,1,['Egypt'],29.64769,32.2789,600,Suez,Egypt,4063.964
Chadormalu Mining & Industrial Co,1200,1,603655.6002061085,13.311,1,['Iran'],32.387328,53.747706,1200,Yazd,Iran,1883.356
Egyptian American Steel Rolling Company SAE,1200,1,54845.716740088894,10.912,1,['Egypt'],30.389174,30.571894,1200,Menofia,Egypt,4268.296
Celsa France SAS,1200,1,54845.716740088894,10.912,1,['France'],43.529693,-1.500971,1200,Nouvelle-Aquitaine,France,8201.551
Moon Iron and Steel Company SAOC,1200,1,54845.716740088894,10.912,1,['Oman'],24.409437,56.520134,1200,Al Batinah North,Oman,1302.757
Bafgh Mineral Complex Iron & Steel Co,1200,1,603655.6002061085,13.311,1,['Iran'],31.699307,55.440187,1200,Yazd,Iran,1675.164
Hebei YongYang Special Steel Group Co Ltd,1200,1,364664534.1041899,19.714,1,['China'],36.786851,114.376132,1200,Hebei,China,0.681
Ege Celik Endustrisi Sanayi ve Ticaret AŞ,1200,1,603655.6002061085,13.311,1,['Türkiye'],38.728005,26.940095,1200,İzmir,Türkiye,4987.303
ArcelorMittal Eisenhüttenstadt GmbH,1200,1,293.8831668379416,5.687,1,['Germany'],52.168649,14.623473,1200,Brandenburg,Germany,6885.634
Sirjan Jahan Steel Co,1200,1,54845.716740088894,10.912,1,['Iran'],29.13806,55.375073,1200,Kerman,Iran,1571.611
Mesco Kalinga Steel Ltd,1200,1,864289310.3874147,20.577,1,['India'],20.976277,86.044419,1200,Odisha,India,2.161
Jayaswal Neco Industries Ltd,1200,1,1676028759.8407507,21.24,1,['India'],21.354495,81.676444,1200,Chhattisgarh,India,4.314
Hubei Xinxin Steel Group Co Ltd; natural person(s),1200,1,1002488417.5250294,20.726,1,['China'],30.067469,114.934091,1200,Hubei,China,4.277
Maghreb Steel SA,1200,1,54845.716740088894,10.912,1,['Morocco'],33.592793,-7.475613,1200,Casablanca-Settat,Morocco,8515.289
Huahong Iron and Steel Products Co Ltd,1200,1,468805622.32278705,19.966,1,['China'],28.090098,119.519509,1200,Zhejiang,China,5.048
Guilin Pinggang Iron and Steel Co Ltd,1200,1,33714093.6953855,17.333,1,['China'],24.673567,110.78959,1200,Guangxi,China,4.266
Ozkan Demir Celik Sanayi AŞ,1200,1,603655.6002061085,13.311,1,['Türkiye'],38.737005,26.950824,1200,İzmir,Türkiye,4986.565
Univers Acier,1200,1,54845.716740088894,10.912,1,['Morocco'],33.501325,-7.467363,1200,Casablanca-Settat,Morocco,8512.616
Tata Steel Long Products Ltd,1200,1,1938665923.5311012,21.385,1,['India'],22.812895,86.084022,1200,Jharkhand,India,5.233
SeAh Steel Holdings Corp,1200,1,3761696.9209812265,15.14,1,['South Korea'],35.991176,129.375791,1200,North Gyeongsang,South Korea,186.371
United Steel Industries Co KSCC,1200,1,54845.716740088894,10.912,1,['Kuwait'],28.989306,48.128118,1200,Capital Governorate,Kuwait,2324.065
Guangxi Guigang Iron and Steel Group Guigang Guibao SPECIAL Steel Co Ltd,1200,1,6503602261.824279,22.596,1,['China'],23.089502,109.63938,1200,Guangxi,China,4.585
Vina One Steel Manufacturing Corp,1200,1,36996681.54220746,17.426,1,['Vietnam'],10.636835,106.517595,1200,Long An,Vietnam,933.816
Nucor Steel Tuscaloosa Inc,1200,1,54845.716740088894,10.912,1,['United States'],33.234761,-87.508498,1200,Alabama,United States,17375.002
Acerinox Europa SAU,1200,1,54845.716740088894,10.912,1,['Spain'],36.181686,-5.426626,1200,Cádiz,Spain,8349.309
SeAH Changwon Integrated Special Steel Corp,1200,1,3761696.9209812265,15.14,1,['South Korea'],35.204191,128.604277,1200,South Gyeongsang,South Korea,116.376
AFV Acciaierie Beltrame SpA,1200,1,603655.6002061085,13.311,1,['Italy'],45.522097,11.499295,1200,Province of Vicenza,Italy,6951.756
Prakash Industries Ltd,1190,1,465552274.1725282,19.959,1,['India'],22.004694,82.671666,1190,Chhattisgarh,India,6.031
Hejin Huaxinyuan Steel & Iron Co Ltd,1150,1,1208145259.4777637,20.912,1,['China'],35.605506,110.652056,1150,Shanxi,China,4.025
Amurstal LLC,1150,1,1408179.277796899,14.158,1,['Russia'],50.563131,136.976362,1150,Khabarovsk,Russia,473.723
Guangxi Hezhou Kexinda Metal Products Co Ltd,1150,1,90031801.82740928,18.316,1,['China'],23.979937,111.745037,1150,Guangxi,China,4.86
Xinjiang Minxin Iron and Steel (Group) Minhang Special Steel Co Ltd,1110,1,1337515.1727294303,14.106,1,['China'],44.080866,88.417209,1110,Xinjiang,China,7.605
Neelachal Ispat Nigam Ltd,1100,1,864289310.3874147,20.577,1,['India'],20.998641,86.019102,1100,Odisha,India,5.422
Posco (Zhangjiagang) Stainless Steel Co Ltd,1100,1,5052871258.0219145,22.343,1,['China'],31.980237,120.571455,1100,Jiangsu,China,4.388
Koc Metalurji AŞ,1100,1,603655.6002061085,13.311,1,['Türkiye'],37.01488,36.104416,1100,Osmaniye,Türkiye,3943.39
GV do Brasil Industria e Comercio de Aço Ltda,1100,2,64633.832128563045,11.077,1,['Brazil'],-20.34291,-40.360864,600,Espírito Santo,Brazil,13087.529
Uzbekskiy Metallurgicheskiy Kombinat JSC,1100,1,293.8831668379416,5.687,1,['Uzbekistan'],40.233432,69.290873,1100,Tashkent,Uzbekistan,501.379
Siam Yamato Steel Co Ltd,1100,2,107232.4190322772,11.583,1,['Thailand'],12.674898,101.147002,600,Rayong,Thailand,903.745
Stahlwerk Thueringen GmbH,1100,1,293.8831668379416,5.687,1,['Germany'],50.654574,11.43745,1100,Thuringia,Germany,7152.088
Jilinheng Precision Casting Technology Co Ltd,1100,1,10768816.011382872,16.192,1,['China'],43.196537,126.00063,1100,Jilin,China,4.911
Acciaierie Bertoli Safau SpA,1100,1,293.8831668379416,5.687,1,['Italy'],46.008483,13.255117,1100,Province of Udine,Italy,6797.037
Gaolan County Lanxin Steel Co Ltd,1100,1,4705947.349746395,15.364,1,['China'],36.488866,103.922,1100,Gansu,China,5.85
ArcelorMittal Hamburg GmbH,1100,1,293.8831668379416,5.687,1,['Germany'],53.522601,9.900749,1100,Hamburg,Germany,7462.472
SN SEIXAL Siderurgia Nacional SA,1100,1,54845.716740088894,10.912,1,['Portugal'],38.616023,-9.068527,1100,Setúbal,Portugal,8815.967
ABA Çelik Demir LŞ,1100,1,603655.6002061085,13.311,1,['Türkiye'],36.747413,36.21733,1100,Hatay,Türkiye,3919.357
Sterling Steel Co LLC,1090,1,54845.716740088894,10.912,1,['United States'],41.785971,-89.710947,1090,Illinois,United States,17741.321
Metallus Inc,1088,1,54845.716740088894,10.912,1,['United States'],40.755388,-81.439369,1088,Ohio,United States,16808.384
ArcelorMittal Kryvyi Rih PJSC,1083,1,293.8831668379416,5.687,1,['Ukraine'],47.874411,33.392993,1083,Dnipropetrovsk,Ukraine,4669.774
Ovako AB,1075,2,69838.97000546272,11.154,2,"['Finland', 'Sweden']",61.149466,28.798774,575,Imatra,Finland,6301.958
GPH Ispat Ltd,1051,1,14497025.329727666,16.489,1,['Bangladesh'],22.536569,91.700729,1051,Chittagong,Bangladesh,60.994
Eden Flame Sdn Bhd,1050,1,33214.740917487085,10.411,1,['Malaysia'],1.451512,103.917306,1050,Johor,Malaysia,1271.385
Yazici Demir Celik Sanayi ve Turizm Ticaret AŞ,1050,1,603655.6002061085,13.311,1,['Türkiye'],36.685932,36.206275,1050,Hatay,Türkiye,3917.776
Siderurgica del Orinoco Alfredo Maneiro CA,1020,1,64633.832128563045,11.077,1,['Venezuela'],8.259073,-62.841126,1020,Bolívar,Venezuela,14697.18
Xinjiang Ka Steel Group Co,1000,1,4239302.117930701,15.26,1,['China'],39.142997,76.161589,1000,Xinjiang,China,4.823
HES Hennigsdorfer Elektrostahlwerke GmbH,1000,1,293.8831668379416,5.687,1,['Germany'],52.650903,13.212683,1000,Brandenburg,Germany,7061.955
Tung Ho Steel Vietnam Corp Ltd,1000,1,36996681.54220746,17.426,1,['Vietnam'],10.551445,107.04368,1000,Ba Ria Vung Tau,Vietnam,927.28
Bonab Steel Complex,1000,1,603655.6002061085,13.311,1,['Iran'],37.417437,46.035778,1000,East Azerbaijan,Iran,2948.23
Ezz Steel Co,1000,1,54845.716740088894,10.912,1,['Egypt'],30.382179,30.563029,1000,Menofia,Egypt,4269.092
KG Steel Co Ltd,1000,1,279339677.23283786,19.448,1,['South Korea'],37.482625,126.670175,1000,Seoul National Capital Area,South Korea,441.501
Wuzhou Yongda Special Steel Co Ltd,1000,1,607979569.3111423,20.226,1,['China'],23.520307,111.229981,1000,Guangxi,China,3.54
Jingzhou Qunli Metal Products Co Ltd,1000,1,118075214.85034539,18.587,1,['China'],30.3505,112.353782,1000,Hubei,China,3.946
Xinjiang Da'an Special Steel Co Ltd,1000,1,21656190.748155303,16.891,1,['China'],42.700465,93.542466,1000,Xinjiang,China,1.195
Henan YAXIN Steel Industry Co Ltd,1000,1,1630271672.3960836,21.212,1,['China'],35.879956,114.334825,1000,Henan,China,4.524
Jiangxi Taixin Iron & Steel Co Ltd,1000,1,24651705.83317486,17.02,1,['China'],28.60445,118.163615,1000,Jiangxi,China,5.027
Daehan Steel Co Ltd,1000,1,3761696.9209812265,15.14,1,['South Korea'],35.099098,128.860339,1000,South Gyeongsang,South Korea,86.136
Arfa Iron and Steel Co,1000,1,603655.6002061085,13.311,1,['Iran'],32.39309,53.7566,1000,Yazd,Iran,1882.704
Iranian Sirjan Steel Co,1000,1,603655.6002061085,13.311,1,['Iran'],29.928062,56.736539,1000,Kerman,Iran,1469.051
Devki Steel Mills Ltd,1000,1,45384541.23845344,17.631,1,['Kenya'],-3.77734,39.279963,1000,Kwale County,Kenya,4372.27
Xinjiang Yili Iron and Steel Co Ltd,1000,1,36347068.67769812,17.409,1,['China'],43.526808,83.294323,1000,Xinjiang,China,2.301
Ashinskiy Metzavod PJSC,1000,1,53608.378286734944,10.889,1,['Russia'],54.99484,57.277548,1000,Chelyabinsk,Russia,3069.529
Yieh United Steel Corp,1000,1,6424764739.207487,22.583,1,['Taiwan'],22.830857,120.300604,1000,Kaohsiung,Taiwan,287.044
Dazhou Hangda Steel Co Ltd,1000,1,49607605.43538932,17.72,1,['China'],31.435149,107.685981,1000,Sichuan,China,3.917
Vallourec Soluções Tubulares do Brasil SA,1000,1,64633.832128563045,11.077,1,['Brazil'],-20.582683,-43.971555,1000,Minas Gerais,Brazil,13470.245
Peiner Traeger GmbH,1000,1,293.8831668379416,5.687,1,['Germany'],52.313935,10.258482,1000,Lower Saxony,Germany,7358.048
Anhui Langxi County Fuhang Steel Co Ltd,1000,1,86904812.1034762,18.28,1,['China'],31.246635,119.120443,1000,Anhui,China,5.012
PT Mandan Steel,1000,1,41976974.40122482,17.553,1,['Indonesia'],-3.339296,115.927125,1000,South Kalimantan,Indonesia,2530.425
Posco Vietnam Co Ltd,1000,1,36996681.54220746,17.426,1,['Vietnam'],10.560316,107.02684,1000,Ba Ria Vung Tau,Vietnam,926.757
Mescier Demir Celik AŞ,1000,1,603655.6002061085,13.311,1,['Türkiye'],41.565932,32.427758,1000,Bartin,Türkiye,4571.594
Outokumpu Stainless USA LLC,1000,1,54845.716740088894,10.912,1,['United States'],31.148179,-87.98866,1000,Alabama,United States,17411.766
National Steel Co,1000,1,54845.716740088894,10.912,1,['Saudi Arabia'],26.244786,49.969064,1000,Eastern Province,Saudi Arabia,2051.169
Nervacero SA,1000,1,54845.716740088894,10.912,1,['Spain'],43.30806,-3.026309,1000,Vizcaya,Spain,8351.668
Neyriz Ghadir Steel Co,1000,1,54845.716740088894,10.912,1,['Iran'],29.168087,54.621487,1000,Fars,Iran,1649.761
SUE DPR UMP,1000,1,293.8831668379416,5.687,1,['Ukraine'],47.982276,37.810634,1000,Donetsk,Ukraine,4206.122
Chizhou Guichi Guihang Metal Products Co Ltd,1000,1,189683194.67400867,19.061,1,['China'],30.532786,117.25166,1000,Anhui,China,4.599
Moldova Steel Works JSC,1000,1,293.8831668379416,5.687,1,['Moldova'],47.783771,29.02835,1000,Transnistria,Moldova,5133.748
Natanz Steel Co,999,1,603655.6002061085,13.311,1,['Iran'],33.428593,51.982273,999,Isfahan,Iran,2117.124
Fushun Special Steel Co Ltd,999,1,8540543698.927486,22.868,1,['China'],41.838774,123.806586,999,Liaoning,China,5.663
Topy Industries Ltd,960,1,6515425440.511312,22.597,1,['Japan'],34.719644,137.322259,960,Aichi,Japan,3.734
Fujian Qingtuo New Material Co Ltd,958,1,11794218.386546498,16.283,1,['China'],26.779301,119.767935,958,Fujian,China,11.058
Duferco Travi e Profilati SpA,950,1,603655.6002061085,13.311,1,['Italy'],45.478363,10.209234,950,Province of Brescia,Italy,7082.919
Chelyabinskiy Truboprokatnyi Zavod JSC,950,1,53608.378286734944,10.889,1,['Russia'],56.90205,59.992198,950,Sverdlovsk,Russia,3077.507
Jinye Steel Group Co Ltd,950,1,1182364306.7889879,20.891,1,['China'],36.148131,113.209523,950,Shanxi,China,3.191
Taganrogskiy Metallurgicheskiy Zavod JSC,950,1,293.8831668379416,5.687,1,['Russia'],47.241557,38.928584,950,Rostov,Russia,4049.901
Severskiy Trubnyi Zavod JSC,950,1,53608.378286734944,10.889,1,['Russia'],56.478428,60.249411,950,Sverdlovsk,Russia,2997.542
JSW Ispat Special Products Ltd,950,1,213067224.22470316,19.177,1,['India'],21.983709,83.238133,950,Chhattisgarh,India,4.504
YK Steel Corp,930,1,3761696.9209812265,15.14,1,['South Korea'],35.083819,128.989034,930,South Gyeongsang,South Korea,75.631
PT Jakarta Prima Steel Industries,900,1,33214.740917487085,10.411,1,['Indonesia'],-6.181643,106.932331,900,Jakarta,Indonesia,2057.807
Ferriera Valsabbia SpA,900,1,603655.6002061085,13.311,1,['Italy'],45.642905,10.380199,900,Province of Brescia,Italy,7074.689
Henan Xinjinhui Stainless Steel Industry Co Ltd,900,1,797364861.8664675,20.497,1,['China'],34.263509,113.853979,900,Henan,China,4.457
Xining Special Steel Co Ltd,900,1,3718700727.8378444,22.037,1,['China'],36.66856,101.671414,900,Qinghai,China,6.883
Ann Joo Integrated Steel Sdn Bhd,900,1,33214.740917487085,10.411,1,['Malaysia'],5.380391,100.377598,900,Penang,Malaysia,742.957
Aperam Inox America do Sul SA,900,1,64633.832128563045,11.077,1,['Brazil'],-19.531272,-42.639979,900,Minas Gerais,Brazil,13286.248
Celsa Huta Ostrowiec SP zoo,900,1,293.8831668379416,5.687,1,['Poland'],50.947305,21.448763,900,Świętokrzyskie,Poland,6095.268
Volzhskiy Trubnyi Zavod JSC,900,1,69838.97000546272,11.154,1,['Russia'],48.804332,44.79408,900,Volgograd,Russia,3528.393
Nucor Steel Memphis Inc,891,1,54845.716740088894,10.912,1,['United States'],35.048395,-90.163033,891,Tennessee,United States,17687.904
Guangshui Huaxin Smelt Industry Co Ltd,869,1,39099648.249599755,17.482,1,['China'],31.50221,114.008142,869,Hubei,China,6.362
Cascade Steel Rolling Mills Inc,860,1,54845.716740088894,10.912,1,['United States'],45.228035,-123.163599,860,Oregon,United States,21502.519
Çebitaş Demir Çelik Endüstrisi AŞ,860,1,603655.6002061085,13.311,1,['Türkiye'],38.74074,26.951743,860,İzmir,Türkiye,4986.633
Nucor Steel Seattle Inc,855,1,54845.716740088894,10.912,1,['United States'],47.569597,-122.367395,855,Washington,United States,21469.514
Societe des Aciers d'Armature pour le Beton SAS,850,1,293.8831668379416,5.687,1,['France'],48.611482,6.111864,850,Grand Est,France,7653.305
Columbus Stainless (Pty) Ltd,850,1,1847515865.9183831,21.337,1,['South Africa'],-25.796313,29.497972,850,Mpumalanga,South Africa,6576.188
Rajhi Steel Industries Co Ltd,850,1,64633.832128563045,11.077,1,['Saudi Arabia'],21.290402,39.183444,850,Makkah,Saudi Arabia,3243.253
Sichuan Ya'an Anshan Iron and Steel Co Ltd,830,1,388037.3015476711,12.869,1,['China'],30.059133,102.625907,830,Sichuan,China,2.249
Ascometal France Holding SAS,825,1,293.8831668379416,5.687,1,['France'],49.241492,6.152631,825,Moselle,France,7669.74
Tangshan Xinglong Steel Co Ltd,825,1,178134743.02966222,18.998,1,['China'],39.847612,118.348448,825,Hebei,China,4.951
Ann Joo Steel Bhd,820,1,33214.740917487085,10.411,1,['Malaysia'],3.042585,101.537011,820,Selangor,Malaysia,954.431
Lamines Marchands Europeens SA,820,1,293.8831668379416,5.687,1,['France'],50.3292,3.490913,820,Hauts-de-France,France,7998.825
UMC Metals Ltd,805,1,372271.50263086957,12.827,1,['Thailand'],13.275832,100.969791,805,Chonburi,Thailand,882.557
Sentuo Steel Ltd,800,1,64633.832128563045,11.077,1,['Ghana'],5.670032010618004,0.0158561829466604,800,Greater Accra,Ghana,7869.787
KSRM Steel Plant Ltd,800,1,14497025.329727666,16.489,1,['Bangladesh'],22.499834,91.715778,800,Chittagong,Bangladesh,65.42
Millcon Steel PCL,800,1,107232.4190322772,11.583,1,['Thailand'],12.819544,101.152954,800,Rayong,Thailand,903.618
Hmisho Steel SA,800,1,54845.716740088894,10.912,1,['Syria'],34.364258,36.803848,800,Homs,Syria,3743.816
Sidenor Steel Industry SA,800,1,603655.6002061085,13.311,1,['Greece'],40.704458,22.816542,800,Macedonia,Greece,5513.866
ArcelorMittal Hunedoara SA,800,1,293.8831668379416,5.687,1,['Romania'],45.735183,22.91627,800,Hunedoara,Romania,5728.365
Thy-Marcinelle SA,800,1,293.8831668379416,5.687,1,['Belgium'],50.410335,4.429693,800,Wallonie,Belgium,7899.988
Chubu Steel Plate Co Ltd,800,1,176716694372.9768,25.898,1,['Japan'],35.118836,136.867567,800,Chūbu,Japan,1.178
BSRM Steels Ltd,800,1,56441177.06437761,17.849,1,['Bangladesh'],22.873774,91.545562,800,Chattogram,Bangladesh,20.302
Riva Industries,800,1,54845.716740088894,10.912,1,['Morocco'],33.165438,-8.5883,800,Casablanca-Settat,Morocco,8629.892
Ozmert Algeria SARL,800,1,54845.716740088894,10.912,1,['Algeria'],35.47858,-0.62139,800,Tebessa,Algeria,7805.798
Ghaenat Steel Complex,800,1,603655.6002061085,13.311,1,['Iran'],33.926909,59.007852,800,South Khorasan,Iran,1466.032
Hwanyoung Steel Industries Co Ltd,800,1,3761696.9209812265,15.14,1,['South Korea'],36.956486,126.616956,800,South Chungcheong,South Korea,443.473
Baku Steel Company QSC,800,1,293.8831668379416,5.687,1,['Azerbaijan'],40.43136,49.886867,800,Narimanov,Azerbaijan,2647.681
Malaysia Steel Works (KL) Bhd,800,1,33214.740917487085,10.411,1,['Malaysia'],3.077835,101.46448,800,Selangor,Malaysia,945.452
Shengli Vietnam Special Steel Co Ltd,800,1,616052.5720105489,13.331,1,['Vietnam'],20.652657,106.440208,800,Thai Binh,Vietnam,152.302
Nucor Steel Kankakee Inc,794,1,54845.716740088894,10.912,1,['United States'],41.180734,-87.856196,794,Illinois,United States,17524.722
Hezhou Xindu Sanyuan Casting Co Ltd,780,1,90031801.82740928,18.316,1,['China'],23.987007,111.739775,780,Guangxi,China,4.945
NLMK Indiana LLC,770,1,54845.716740088894,10.912,1,['United States'],41.625912,-87.159989,770,Indiana,United States,17456.73
Mono Steel (India) Ltd,770,1,31833855.18768871,17.276,1,['India'],23.312265,70.201953,770,Gujarat,India,2.596
Van Company for Industrial Investment and General Trading,750,1,603655.6002061085,13.311,1,['Iraq'],36.09176,43.97415,750,Kurdistan,Iraq,3078.845
Global Steel Wire SA,750,1,54845.716740088894,10.912,1,['Spain'],43.445344,-3.839228,750,Cantabria,Spain,8444.193
Optimus Steel LLC,750,1,54845.716740088894,10.912,1,['United States'],30.08201,-94.074694,750,Texas,United States,18081.919
Empresa Siderurgica del Peru SAA,750,1,64633.832128563045,11.077,1,['Peru'],-9.059693,-78.601178,750,Áncash,Peru,16760.911
Hebei New Wuan Iron and Steel Group Xin Hui Metallurgy Co Ltd,750,1,1570133414.6514165,21.174,1,['China'],36.664097,114.115263,750,Hebei,China,5.532
Hezhou Zhaoxin Hardware Products Co Ltd,750,1,90031801.82740928,18.316,1,['China'],23.978567,111.735529,750,Guangxi,China,3.904
Arcelormittal Warszawa SP zoo,750,1,293.8831668379416,5.687,1,['Poland'],52.291337,20.917302,750,Mazowieckie,Poland,6228.328
Sidenor Aceros Especiales SLU,740,1,54845.716740088894,10.912,1,['Spain'],43.227282,-2.884676,740,Vizcaya,Spain,8332.826
Al Anmaa for Construction Materials Production Ltd,735,1,54845.716740088894,10.912,1,['Iraq'],30.218529,47.827362,735,Basra,Iraq,2403.554
Saarstahl AG,730,1,293.8831668379416,5.687,1,['France'],50.398171,3.561712,730,Hauts-de-France,France,7993.762
Novorossiysk Rolling Plant LLC,730,1,293.8831668379416,5.687,1,['Russia'],47.740457,40.189445,730,Rostov,Russia,3942.606
Asil Celik Sanayi ve Ticaret AŞ,730,1,603655.6002061085,13.311,1,['Türkiye'],40.42752,29.270141,730,Bursa,Türkiye,4826.848
Chow Steel Industries PCL,730,1,857583.0879184732,13.662,1,['Thailand'],14.074757,101.84215,730,Prachinburi,Thailand,833.962
SIJ Acroni doo,726,1,293.8831668379416,5.687,1,['Slovenia'],46.423994,14.094645,726,Jesenice,Slovenia,6715.126
Grupo Acerero SA de CV,725,1,64633.832128563045,11.077,1,['Mexico'],22.087328,-100.901902,725,San Luis Potosí,Mexico,18826.182
Vallourec Star LP,725,1,54845.716740088894,10.912,1,['United States'],41.125495,-80.683382,725,Ohio,United States,16732.367
Stahl Gerlafingen AG,720,1,293.8831668379416,5.687,1,['Switzerland'],47.171958,7.562287,720,Solothurn,Switzerland,7452.403
Shyeh Sheng Fuat Steel & Iron Works Co Ltd,720,1,6424764739.207487,22.583,1,['Taiwan'],22.559391,120.3656132,720,Kaohsiung,Taiwan,317.037
Voestalpine Stahl Donawitz GmbH,720,1,293.8831668379416,5.687,1,['Austria'],47.380455,15.065182,720,Styria,Austria,6635.897
Jiangyin Xicheng Steel Co Ltd,720,1,8256028173.465794,22.834,1,['China'],31.892299,120.198394,720,Jiangsu,China,2.523
Fujian Fuxin Special Steel Co Ltd,720,1,17250077612.688942,23.571,1,['China'],24.472439,117.94885,720,Fujian,China,8.535
Sam Montereau SAS,720,1,293.8831668379416,5.687,1,['France'],48.387211,2.981091,720,Île-de-France,France,7989.092
Sohar Steel LLC,700,1,54845.716740088894,10.912,1,['Oman'],24.499869,56.599111,700,Al Batinah North,Oman,1294.581
Chongqing Yonghang Steel Group Co Ltd,700,1,476620864.0503676,19.982,1,['China'],29.836163,106.988138,700,Chongqing,China,5.988
ALPA - Aciéries et Laminoirs de Paris SAS,700,1,293.8831668379416,5.687,1,['France'],48.983515,1.76245,700,Île-de-France,France,8140.694
Megasa Siderurgica SL,700,1,54845.716740088894,10.912,1,['Spain'],43.51421,-8.163839,700,La Coruña,Spain,8905.855
Siderpotenza SpA,700,1,54845.716740088894,10.912,1,['Italy'],40.639356,15.827842,700,Province of Potenza,Italy,6239.674
Tangshan Yutian Jinzhou Industry Co Ltd,700,1,74159309.89730716,18.122,1,['China'],39.967373,117.857659,700,Hebei,China,2.335
Dalmine SpA,700,1,603655.6002061085,13.311,1,['Italy'],45.641516,9.600242,700,Province of Bergamo,Italy,7155.504
Yun County Rongfeng Rolling Mill Factory,700,1,2868377109.874325,21.777,1,['China'],32.738598,110.793269,700,Hubei,China,4.009
Hellenic Halyvourgia SA,700,1,54845.716740088894,10.912,1,['Greece'],39.38588,22.80745,700,Thessaly,Greece,5449.781
Shaanxi Hanzhong Iron & Steel Group Co,700,1,554486726.9337088,20.134,1,['China'],33.132446,106.657646,700,Shaanxi,China,3.767
Yamato Steel Co Ltd,700,1,11107163158.787853,23.131,1,['Japan'],34.783319,134.604616,700,Hyogo,Japan,2.536
Sıddık Kardeşler Haddecilik Sanayi Ticaret LŞ,690,1,603655.6002061085,13.311,1,['Türkiye'],40.800833,29.512008,690,Kocaeli,Türkiye,4822.517
Alton Steel Inc,680,1,54845.716740088894,10.912,1,['United States'],38.884465,-90.14579,680,Illinois,United States,17737.299
Pan Gang Group Sichuan Changcheng Special Steel Co Ltd,669,1,2578998262.3683743,21.671,1,['China'],31.763517,104.761441,669,Sichuan,China,4.991
Godawari Power and Ispat Ltd,659,1,1676028759.8407507,21.24,1,['India'],21.376214,81.681888,659,Chhattisgarh,India,2.947
Georgsmarienhuette GmbH,650,1,293.8831668379416,5.687,1,['Germany'],52.2122334,8.0420724,650,Lower Saxony,Germany,7589.826
LNM Group,650,1,33214.740917487085,10.411,1,['Indonesia'],-7.355128628104116,112.703729688359,650,East Java,Indonesia,2629.751
Swiss Steel Holding AG,650,1,293.8831668379416,5.687,1,['Switzerland'],47.308055,7.873594,650,Lucerne,Switzerland,7421.871
Ivaco Rolling Mills 2004 LP,650,1,54845.716740088894,10.912,1,['Canada'],45.613941,-74.704608,650,Ontario,Canada,16185.784
ORI Martin - Acciaieria e Ferriera di Brescia SpA,650,1,603655.6002061085,13.311,1,['Italy'],45.566054,10.2147,650,Province of Brescia,Italy,7087.396
Hospet Steels Ltd,650,1,204245873.82605147,19.135,1,['India'],15.339055,76.251696,650,Karnataka,India,6.084
Benteler Steel/Tube GmbH,650,1,293.8831668379416,5.687,1,['Germany'],52.467622,7.317169,650,Lower Saxony,Germany,7680.203
Sipar Aceros SA,650,1,64633.832128563045,11.077,1,['Argentina'],-32.9912336,-60.7588733,650,Santa Fe,Argentina,15801.78
Lianyungang Huale Alloy Group Co Ltd,621,1,175014771.30063456,18.98,1,['China'],34.607964,119.447626,621,Jiangsu,China,2.594
Corrugados Getafe SL,600,1,54845.716740088894,10.912,1,['Spain'],40.310803,-3.703568,600,Madrid,Spain,8294.891
Nakayama Steel Works Ltd,600,1,254812052510.10464,26.264,1,['Japan'],34.628162,135.459688,600,Osaka,Japan,0.454
Amreli Steels Ltd,600,1,54845.716740088894,10.912,1,['Pakistan'],24.800326,67.504851,600,Sindh,Pakistan,137.529
SN MAIA Siderurgia Nacional SA,600,1,54845.716740088894,10.912,1,['Portugal'],41.255085,-8.555285,600,Porto,Portugal,8852.492
Kam Industries (Nigeria) Ltd,600,1,64633.832128563045,11.077,1,['Nigeria'],8.454565,4.5430531,600,Kwara,Nigeria,7303.221
Scaw Metals Group Pty Ltd,600,1,1123434325.1185768,20.84,1,['South Africa'],-26.273316,28.163761,600,Gauteng,South Africa,6730.71
Shaanxi Huaxin Special Steel Group Co Ltd,600,1,179102021.36746305,19.003,1,['China'],34.523278,109.986042,600,Shaanxi,China,3.961
Hai Kwang Enterprise Corp,600,1,6424764739.207487,22.583,1,['Taiwan'],22.550634,120.365645,600,Kaohsiung,Taiwan,317.875
Acciaierie di Calvisano SpA,600,1,603655.6002061085,13.311,1,['Italy'],45.371651,10.331967,600,Province of Brescia,Italy,7064.074
Rio Tinto Iron and Titanium Canada Inc,600,1,54845.716740088894,10.912,1,['Canada'],46.044367,-73.138474,600,Quebec,Canada,16027.397
Sichuan Gangchen Stainless Steel Co Ltd,600,1,473439435.8729224,19.976,1,['China'],29.501044,103.607365,600,Sichuan,China,5.555
Arabian Gulf Steel Industries Selling Port LLC,600,1,54845.716740088894,10.912,1,['United Arab Emirates'],24.283335,54.463384,600,Abu Dhabi,United Arab Emirates,1530.891
Dinson Iron & Steel Company Pvt Ltd,600,1,1123434325.1185768,20.84,1,['Zimbabwe'],-18.940658,30.608968,600,Mashonaland,Zimbabwe,6008.219
Shougang Guiyang SPECIAL Steel Co Ltd,600,1,264952407.92503846,19.395,1,['China'],26.873592,106.73215,600,Guizhou,China,2.657
Bangkok Steel Industry PCL,600,1,116624.45333512302,11.667,1,['Thailand'],13.647672,100.553882,600,Samut Prakan,Thailand,836.344
Deutsche Edelstahlwerke GmbH,600,1,293.8831668379416,5.687,1,['Germany'],50.922844,8.024006,600,North Rhine-Westphalia,Germany,7531.916
Industrie Riunite Odolesi IRO SpA,600,1,603655.6002061085,13.311,1,['Italy'],45.645688,10.374305,600,Province of Brescia,Italy,7075.462
Iran Alloy Steel Co,600,1,603655.6002061085,13.311,1,['Iran'],31.940106,54.037614,600,Yazd,Iran,1832.658
F&F Steel,600,1,603655.6002061085,13.311,1,['Iraq'],36.115147,43.977052,600,Kurdistan,Iraq,3079.777
Aco Verde do Brasil SA,600,1,64633.832128563045,11.077,1,['Brazil'],-4.874373,-47.4073517,600,Maranhão,Brazil,13274.539
TY Steel Co Ltd,600,1,107232.4190322772,11.583,1,['Thailand'],12.857307,101.21314,600,Rayong,Thailand,910.158
Nakayama Steel Products Co Ltd,600,1,324278211589.9782,26.505,1,['Japan'],34.699762,135.430119,600,Osaka,Japan,3.348
E-Top Metal Co Ltd,600,1,143851074.280014,18.784,1,['Taiwan'],24.167872,120.505482,600,Changhua,Taiwan,166.62
Fujian Dingxin Industry Co Ltd,600,1,11794218.386546498,16.283,1,['China'],26.7695,119.738519,600,Fujian,China,8.332
Mughal Iron & Steel Industries Ltd,583,1,464037008.7819304,19.955,1,['Pakistan'],31.653035,74.183149,583,Punjab,Pakistan,40.56
A. Finkl & Sons Corp,573,1,54845.716740088894,10.912,1,['United States'],41.724915,-87.589968,573,Illinois,United States,17506.156
Vietnam - Italy Steel JSC,552,1,81187261.03433757,18.212,1,['Vietnam'],20.946428,106.025454,552,Hung Yen,Vietnam,151.49
VNSTEEL Southern Steel Co Ltd,550,1,36996681.54220746,17.426,1,['Vietnam'],10.576597,107.028995,550,Ba Ria Vung Tau,Vietnam,924.91
Tuyen Quang Iron Steel Co Ltd,550,1,4055180.0712788855,15.216,1,['Vietnam'],21.738739,105.247545,550,Tuyen Quang,Vietnam,149.319
Iton Seine SAS,550,1,293.8831668379416,5.687,1,['France'],49.033678,1.561022,550,Île-de-France,France,8164.307
Makstil AD,550,1,603655.6002061085,13.311,1,['North Macedonia'],42.016228,21.46605,550,Skopje,North Macedonia,5721.81
Sichuan Shehong Chuanzhong Construction Materials Co Ltd,550,1,442654217.20127475,19.908,1,['China'],30.830726,105.367695,550,Sichuan,China,5.127
Hybar LLC,544,1,54845.716740088894,10.912,1,['United States'],35.686814,-89.961981,544,Arkansas,United States,17672.877
S.C. Silcotub SA,535,1,293.8831668379416,5.687,1,['Romania'],44.217275,27.29968,535,Județul Călărași,Romania,5209.11
Shakambhari Ispat & Power Ltd,531,1,740366725.9212388,20.423,1,['India'],23.613861,86.789527,531,West Bengal,India,1.374
Gerdau SA,530,1,64633.832128563045,11.077,1,['Brazil'],-22.89918,-45.347726,530,São Paulo,Brazil,13717.812
Gallantt Ispat Ltd,528,1,881769082.2374166,20.597,1,['India'],26.757009,83.199086,528,Uttar Pradesh,India,4.442
Sunflag Iron and Steel Co Ltd,525,1,158719364.06818208,18.883,1,['India'],21.232929,79.632398,525,Maharashtra,India,3.05
Aceros AZA SA,520,1,64633.832128563045,11.077,1,['Chile'],-33.294729,-70.727881,520,Región Metropolitana,Chile,16832.303
KMK Tempo JSC,504,1,39476.332703073494,10.583,1,['Russia'],55.726872,52.535854,504,Republic of Tatarstan,Russia,3558.086
Krasnyi Oktyabr' Corporation JSC,501,1,69838.97000546272,11.154,1,['Russia'],48.754025,44.561004,501,Volgograd,Russia,3548.984
Megasider Zaragoza SA,500,1,54845.716740088894,10.912,1,['Spain'],41.56988,-0.856566,500,Zaragoza,Spain,8041.915
GLGH Steel,500,1,293.8831668379416,5.687,1,['Romania'],45.293492,21.90241,500,Caras-Severin,Romania,5828.315
AlGioshy Steel SAE,500,1,54845.716740088894,10.912,1,['Egypt'],29.6752173,32.3028163,500,Suez,Egypt,4061.97
Delta Steel Company Ltd,500,1,54845.716740088894,10.912,1,['Egypt'],30.11843,31.281264,500,Al-Qalyubia,Egypt,4184.162
Chengdu Changfeng Steel Group Co Ltd,500,1,846260426.3465284,20.556,1,['China'],31.031921,103.672956,500,Sichuan,China,4.137
YunNan Province Tiangao Nickel Alloy Co Ltd,500,1,229330969.90024498,19.251,1,['China'],24.80128,104.063455,500,Yunnan,China,2.697
Corporación AG SA,500,1,64633.832128563045,11.077,1,['Guatemala'],14.232007,-90.815444,500,Escuintla,Guatemala,17737.02
Kishiwada Steel Co Ltd,500,1,38442254742.5372,24.372,1,['Japan'],34.477479,135.353918,500,Osaka,Japan,3.491
Shri Bajrang Power and Ispat Ltd,500,1,450845929.98527956,19.927,1,['India'],21.48619,81.771697,500,Chhattisgarh,India,4.006
Liaoyang Xinyi Special Steel Co Ltd,500,1,4381066890.384275,22.201,1,['China'],41.225003,122.970488,500,Liaoning,China,2.814
Zhejiang TSINGSHAN IRON&STEEL Co Ltd,500,1,1195110580.909999,20.902,1,['China'],28.136096,120.380401,500,Zhejiang,China,1.524
Anhui Jin'an Stainless Steel Foundry Co Ltd,500,1,413630926.1177371,19.84,1,['China'],31.763956,115.924372,500,Anhui,China,5.24
Metalfer Steel Mill Sremska Mitrovica doo,500,1,293.8831668379416,5.687,1,['Serbia'],44.977213,19.64601,500,Vojvodina,Serbia,6069.352
Lao Cai Cast Iron and Steel,500,1,176771935.4092692,18.99,1,['Vietnam'],22.306931,104.12992,500,Lao Cai,Vietnam,34.117
Asean Steel JSC,500,1,41976974.40122482,17.553,1,['Vietnam'],12.59912,107.93922,500,Dak Lak,Vietnam,677.245
Ningbo Haoyang New MATERIALS Techonology Co Ltd,500,1,4420088191.603954,22.209,1,['China'],30.267113,121.052503,500,Zhejiang,China,7.669
Guizhou Hexing Metal Products Co Ltd,500,1,30310794.301979743,17.227,1,['China'],26.509525,107.570458,500,Guizhou,China,5.125
VAS Steel An Hung Tuong LLC,500,1,36996681.54220746,17.426,1,['Vietnam'],11.054204,106.615962,500,Binh Duong,Vietnam,885.415
Acciaierie di Sicilia SpA,500,1,54845.716740088894,10.912,1,['Italy'],37.438448,15.03287,500,Province of Sicily,Italy,6176.202
"Guangde Xinyuanda Metal Products Co., Ltd. Co Ltd",500,1,60598213.36689451,17.92,1,['China'],31.0494162,119.5296269,500,Anhui,China,1.676
Ferrostal Labedy SP zoo,500,1,293.8831668379416,5.687,1,['Poland'],50.357438,18.610739,500,Śląskie,Poland,6367.881
Ada - Aceria De Angola SA,500,1,10417737.629686857,16.159,1,['Angola'],-8.5824,13.405271,500,Bengo,Angola,7108.623
Vina Kyoei Steel Ltd Co,500,1,36996681.54220746,17.426,1,['Vietnam'],10.601423,107.040679,500,Ba Ria Vung Tau,Vietnam,921.867
Viet Nhat Advanced Steel JSC,500,1,616052.5720105489,13.331,1,['Vietnam'],20.90553,106.628701,500,Hai Phong,Vietnam,115.607
Adhunik Metaliks Ltd,500,1,721177173.7528095,20.396,1,['India'],22.308371,84.763584,500,Odisha,India,3.716
VAS Steel Tue Minh JSC,500,1,36996681.54220746,17.426,1,['Vietnam'],11.113343,106.831064,500,Binh Duong,Vietnam,871.971
StavStal' LLC,500,1,293.8831668379416,5.687,1,['Russia'],44.688323,41.927331,500,Stavropol Krai,Russia,3620.132
Huainan Hongtai Steel Limited Liability Co,500,1,4888696838.2685,22.31,1,['China'],32.619248,116.905869,500,Anhui,China,3.519
Rashmi Metaliks Ltd,498,1,2985882028.961829,21.817,1,['India'],22.360664,87.295932,498,West Bengal,India,1.79
Siderurgica Norte Brasil SA,475,1,64633.832128563045,11.077,1,['Brazil'],-5.414287,-49.081305,475,Pará,Brazil,13469.994
Agha Steel Industries Ltd,450,1,54845.716740088894,10.912,1,['Pakistan'],24.841851,67.310159,450,Sindh,Pakistan,154.777
Tembo Steels Uganda Ltd,450,1,10417737.629686857,16.159,1,['Uganda'],0.611975,33.457629,450,Busoga,Uganda,4664.805
Shyam Steel Industries Ltd,420,1,363171012.67553264,19.71,1,['India'],23.590212,86.724603,420,West Bengal,India,4.598
Ittehad Steels Pvt Ltd,400,1,464037008.7819304,19.955,1,['Pakistan'],31.643426,73.198542,400,Punjab,Pakistan,149.757
Xinjiang Xin'an Special Steel Co Ltd,400,1,2447855.543441533,14.711,1,['China'],44.290299,86.595826,400,Xinjiang,China,3.255
MSP Steel & Power Ltd,385,1,122199505.11316605,18.621,1,['India'],21.87673,83.554495,385,Chhattisgarh,India,1.443
Action Ispat and Power Pvt Ltd,375,1,645075019.3542067,20.285,1,['India'],21.839759,83.982227,375,Odisha,India,4.994
Faizan Steel,365,1,54845.716740088894,10.912,1,['Pakistan'],24.897652,66.985678,365,Sindh,Pakistan,184.793
Changzhou Dongfang Special Steel Co Ltd,360,1,1518567272.309646,21.141,1,['China'],31.602554,119.724256,360,Jiangsu,China,3.428
Al Qaryan Steel Co,350,1,54845.716740088894,10.912,1,['Saudi Arabia'],26.280741,49.956755,350,Dammam,Saudi Arabia,2053.163
Arjas Steel Pvt Ltd,334,1,216622786.99645334,19.194,1,['India'],14.873471,78.048425,334,Andhra Pradesh,India,0.773
Thai Nguyen Iron And Steel JSC,300,1,81187261.03433757,18.212,1,['Vietnam'],21.557484,105.8728,300,Thai Nguyen,Vietnam,109.64
Welspun Corp Ltd,288,1,786684238.6823866,20.483,1,['India'],23.112781,70.0866885,288,Gujarat,India,4.514
Empresa Siderúrgica del Mutún,200,1,64633.832128563045,11.077,1,['Bolivia'],-19.137325,-57.880605,200,Santa Cruz,Bolivia,14859.921
Myanmar Economic Corp,200,1,109539.92715946285,11.604,1,['Myanmar'],21.377652,95.372079,200,Mandalay,Myanmar,269.24
Crest Steel and Power Pvt Ltd,130,1,1306781871.7744355,20.991,1,['India'],21.190313,81.19922,130,Chhattisgarh,India,2.379
Shyam Steel Manufacturing Ltd,126,1,675556161.7232339,20.331,1,['India'],23.564157,87.089552,126,West Bengal,India,4.799
Yazdani Steel and Power Ltd,110,1,864289310.3874147,20.577,1,['India'],20.928285,86.036604,110,Odisha,India,3.626
Orissa Sponge Iron and Steel Ltd,101,1,55597769.29395994,17.834,1,['India'],21.801994,85.56751,101,Odisha,India,3.132
Nilachal Iron & Power Ltd,99,1,631216996.6196955,20.263,1,['India'],22.874863,86.063646,99,Jharkhand,India,2.447
Jai Balaji Jyoti Steels Ltd,92,1,94945328.67570616,18.369,1,['India'],22.085338,84.86184,92,Odisha,India,4.986
NR Ispat and Power Pvt Ltd,48,1,155299189.2988411,18.861,1,['India'],22.013086,83.330372,48,Chhattisgarh,India,5.509
SSAB AB,13,1,39476.332703073494,10.583,1,['Sweden'],65.559719,22.219699,13,Norrbotten,Sweden,7559.489
